/*
 Navicat Premium Data Transfer

 Source Server         : 林海虹-阿里云-mysql
 Source Server Type    : MySQL
 Source Server Version : 50728
 Source Host           : 106.15.72.153:3306
 Source Schema         : chipro

 Target Server Type    : MySQL
 Target Server Version : 50728
 File Encoding         : 65001

 Date: 16/05/2020 17:09:22
*/

SET NAMES utf8mb4;
SET FOREIGN_KEY_CHECKS = 0;

-- ----------------------------
-- Table structure for COMMUNITY_PRODUCTION
-- ----------------------------
DROP TABLE IF EXISTS `COMMUNITY_PRODUCTION`;
CREATE TABLE `COMMUNITY_PRODUCTION` (
  `PRODUCTION_ID` varchar(32) COLLATE utf8_bin NOT NULL COMMENT '作品编码',
  `USER_ID` varchar(32) COLLATE utf8_bin DEFAULT NULL COMMENT '用户编码',
  `NAME` varchar(100) COLLATE utf8_bin DEFAULT NULL COMMENT '作品名称',
  `INTRODUCE` varchar(255) COLLATE utf8_bin DEFAULT NULL COMMENT '介绍',
  `INSTRUCTION` varchar(255) COLLATE utf8_bin DEFAULT NULL COMMENT '说明',
  `LABEL` varchar(64) COLLATE utf8_bin DEFAULT NULL COMMENT '标签',
  `MOBILE_KEYBOARD` varchar(8) COLLATE utf8_bin DEFAULT NULL COMMENT '手机键盘',
  `RESOURCE_ID` varchar(255) COLLATE utf8_bin DEFAULT NULL COMMENT '资源编码',
  `STATUS` varchar(8) COLLATE utf8_bin DEFAULT NULL COMMENT '发布状态 0：未发布 1：已发布',
  `CREATE_USER` varchar(32) COLLATE utf8_bin DEFAULT NULL COMMENT '创建人',
  `CREATE_TIME` datetime DEFAULT NULL COMMENT '创建时间',
  `UPDATE_USER` varchar(0) COLLATE utf8_bin DEFAULT NULL COMMENT '修改人',
  `UPDATE_TIME` datetime DEFAULT NULL COMMENT '修改时间',
  `REMARKS` varchar(255) COLLATE utf8_bin DEFAULT NULL COMMENT '备注',
  `IMAEG` varchar(255) COLLATE utf8_bin DEFAULT NULL COMMENT '图片',
  `GLIKE` varchar(255) COLLATE utf8_bin DEFAULT '0' COMMENT '点赞',
  `CLICK` varchar(255) COLLATE utf8_bin DEFAULT '0' COMMENT '点击',
  PRIMARY KEY (`PRODUCTION_ID`),
  KEY `USER_ID` (`USER_ID`),
  CONSTRAINT `COMMUNITY_PRODUCTION_ibfk_1` FOREIGN KEY (`USER_ID`) REFERENCES `OSS_USER` (`USER_ID`)
) ENGINE=InnoDB DEFAULT CHARSET=utf8 COLLATE=utf8_bin COMMENT='作品';

-- ----------------------------
-- Records of COMMUNITY_PRODUCTION
-- ----------------------------
BEGIN;
INSERT INTO `COMMUNITY_PRODUCTION` VALUES ('1258936890598363137', '1258377256380665858', '测试项目', '随机移动', '随机移动', 'shanghai', NULL, 'https://binguo666.oss-cn-beijing.aliyuncs.com/20200509094832.sb3', '1', '1', '2020-05-09 01:48:39', NULL, '2020-05-09 03:11:31', NULL, 'https://binguo666.oss-cn-beijing.aliyuncs.com/20200509094834.jpg', '5', '16');
INSERT INTO `COMMUNITY_PRODUCTION` VALUES ('1259136940473585665', '1258377256380665858', '测试', '测试', '测试', 'shanghai', NULL, 'https://binguo666.oss-cn-beijing.aliyuncs.com/20200509230316.sb3', '1', '1', '2020-05-09 15:03:35', NULL, '2020-05-09 15:04:55', NULL, 'https://binguo666.oss-cn-beijing.aliyuncs.com/20200509230331.jpg', '0', '1');
INSERT INTO `COMMUNITY_PRODUCTION` VALUES ('1259146379305947138', '1256158916379676673', '大小鸟小游戏', '测试游戏', '测试游戏', 'beijing', NULL, 'https://binguo666.oss-cn-beijing.aliyuncs.com/20200509234055.sb', '1', '1', '2020-05-09 15:41:05', NULL, NULL, NULL, 'https://binguo666.oss-cn-beijing.aliyuncs.com/20200509234057.jpg', '0', '0');
INSERT INTO `COMMUNITY_PRODUCTION` VALUES ('1259147859417108482', '1256158916379676673', '塔克大战', '测试', '测试', 'beijing', NULL, 'https://binguo666.oss-cn-beijing.aliyuncs.com/20200509234654.sb3', '1', '1', '2020-05-09 15:46:58', NULL, NULL, NULL, 'https://binguo666.oss-cn-beijing.aliyuncs.com/20200509234651.jpg', '0', '0');
INSERT INTO `COMMUNITY_PRODUCTION` VALUES ('1259147956372639745', '1256158916379676673', '阅读小游戏', '测试', '测试', 'shanghai', NULL, 'https://binguo666.oss-cn-beijing.aliyuncs.com/20200509234654.sb3', '1', '1', '2020-05-09 15:47:21', NULL, NULL, NULL, 'https://binguo666.oss-cn-beijing.aliyuncs.com/20200509234716.jpg', '0', '0');
INSERT INTO `COMMUNITY_PRODUCTION` VALUES ('1259148053726629890', '1256158916379676673', '爬山小程序', '测试', '测试', 'shanghai', NULL, 'https://binguo666.oss-cn-beijing.aliyuncs.com/20200509234654.sb3', '1', '1', '2020-05-09 15:47:45', NULL, NULL, NULL, 'https://binguo666.oss-cn-beijing.aliyuncs.com/20200509234739.jpg', '0', '0');
INSERT INTO `COMMUNITY_PRODUCTION` VALUES ('1259148310980071426', '1256158916379676673', 'i want you', '测试', '测试', 'beijing', NULL, 'https://binguo666.oss-cn-beijing.aliyuncs.com/20200509234654.sb3', '1', '1', '2020-05-09 15:48:46', NULL, NULL, NULL, 'https://binguo666.oss-cn-beijing.aliyuncs.com/20200509234838.png', '0', '0');
INSERT INTO `COMMUNITY_PRODUCTION` VALUES ('1259148418937262081', '1256158916379676673', 'you see see you', '测试', '测试', 'shanghai', NULL, 'https://binguo666.oss-cn-beijing.aliyuncs.com/20200509234654.sb3', '1', '1', '2020-05-09 15:49:12', NULL, NULL, NULL, 'https://binguo666.oss-cn-beijing.aliyuncs.com/20200509234905.jpg', '0', '0');
INSERT INTO `COMMUNITY_PRODUCTION` VALUES ('1259268878421200897', '1258377256380665858', '测试小程序', '测试数据，自测使用', '仅仅用来测试', 'shanghai', NULL, 'https://binguo666.oss-cn-beijing.aliyuncs.com/20200510074747.sb3', '1', '1', '2020-05-09 23:47:51', NULL, NULL, NULL, 'https://binguo666.oss-cn-beijing.aliyuncs.com/20200510074747.jpg', '0', '0');
INSERT INTO `COMMUNITY_PRODUCTION` VALUES ('1259287051828727810', '1258377256380665858', '测试', '测试', '测试', 'shanghai', NULL, 'https://binguo666.oss-cn-beijing.aliyuncs.com/20200510085958.sb3', '1', '1', '2020-05-10 01:00:04', NULL, '2020-05-10 01:00:42', NULL, 'https://binguo666.oss-cn-beijing.aliyuncs.com/20200510090001.jpg', '0', '2');
COMMIT;

-- ----------------------------
-- Table structure for MANAGE_CLASS_ROOM
-- ----------------------------
DROP TABLE IF EXISTS `MANAGE_CLASS_ROOM`;
CREATE TABLE `MANAGE_CLASS_ROOM` (
  `CLASS_ID` varchar(32) COLLATE utf8_bin NOT NULL COMMENT '课室编码',
  `NAME` varchar(128) COLLATE utf8_bin DEFAULT NULL COMMENT '课室名称',
  `CODE` varchar(32) COLLATE utf8_bin DEFAULT NULL COMMENT '课室编码',
  `CREATE_USER` varchar(32) COLLATE utf8_bin DEFAULT NULL COMMENT '创建人',
  `CREATE_TIME` datetime DEFAULT NULL COMMENT '创建时间',
  `UPDATE_USER` varchar(32) COLLATE utf8_bin DEFAULT NULL COMMENT '修改人',
  `UPDATE_TIME` datetime DEFAULT NULL COMMENT '修改时间',
  `SCHOOL_ID` varchar(32) COLLATE utf8_bin DEFAULT NULL COMMENT '学校编码',
  `REMARKS` varchar(255) COLLATE utf8_bin DEFAULT NULL COMMENT '备注',
  PRIMARY KEY (`CLASS_ID`)
) ENGINE=InnoDB DEFAULT CHARSET=utf8 COLLATE=utf8_bin COMMENT='课室';

-- ----------------------------
-- Records of MANAGE_CLASS_ROOM
-- ----------------------------
BEGIN;
INSERT INTO `MANAGE_CLASS_ROOM` VALUES ('1225773014050779137', '课室Name', 'K27LRE', NULL, '2020-02-07 21:27:15', NULL, NULL, '1225769008360341505', NULL);
INSERT INTO `MANAGE_CLASS_ROOM` VALUES ('1225776745571958786', '课室NameYou', 'K27Lg4', '1', '2020-02-07 21:42:05', NULL, NULL, '1225769008360341505', NULL);
INSERT INTO `MANAGE_CLASS_ROOM` VALUES ('1256948594242580481', '杰杰小学', 'K53M7q', '1', '2020-05-03 22:07:53', NULL, NULL, '1225769008360341505', NULL);
INSERT INTO `MANAGE_CLASS_ROOM` VALUES ('1256948777898569729', '杰杰小学', 'K53M8a', '1', '2020-05-03 22:08:36', NULL, NULL, '1225769008360341505', NULL);
INSERT INTO `MANAGE_CLASS_ROOM` VALUES ('1258645541101768705', '多多小学', 'K586Uu', '1', '2020-05-08 06:30:56', NULL, NULL, '1258640049126248450', NULL);
INSERT INTO `MANAGE_CLASS_ROOM` VALUES ('1258925717903642626', '关关小学', 'K5914F', '1', '2020-05-09 01:04:16', NULL, NULL, '123456', NULL);
COMMIT;

-- ----------------------------
-- Table structure for MANAGE_CLASS_USER
-- ----------------------------
DROP TABLE IF EXISTS `MANAGE_CLASS_USER`;
CREATE TABLE `MANAGE_CLASS_USER` (
  `CLASS_USER_ID` varchar(32) COLLATE utf8_bin NOT NULL,
  `USER_ID` varchar(32) COLLATE utf8_bin DEFAULT NULL COMMENT '用户编码',
  `CLASS_ROOM_ID` varchar(32) COLLATE utf8_bin DEFAULT NULL COMMENT '课室编码',
  `TYPE` varchar(8) COLLATE utf8_bin DEFAULT NULL COMMENT '关系类型',
  `CREATE_USER` varchar(32) COLLATE utf8_bin DEFAULT NULL COMMENT '创建人',
  `CREATE_TIME` datetime DEFAULT NULL COMMENT '创建时间',
  `UPDATE_USER` varchar(32) COLLATE utf8_bin DEFAULT NULL COMMENT '修改人',
  `UPDATE_TIME` datetime DEFAULT NULL COMMENT '修改时间',
  `REMARKS` varchar(255) COLLATE utf8_bin DEFAULT NULL COMMENT '备注',
  PRIMARY KEY (`CLASS_USER_ID`),
  KEY `USER_ID` (`USER_ID`),
  KEY `CLASS_ROOM_ID` (`CLASS_ROOM_ID`)
) ENGINE=InnoDB DEFAULT CHARSET=utf8 COLLATE=utf8_bin COMMENT='课室老师';

-- ----------------------------
-- Records of MANAGE_CLASS_USER
-- ----------------------------
BEGIN;
INSERT INTO `MANAGE_CLASS_USER` VALUES ('1225773015653003265', '1', '1225773014050779137', NULL, NULL, '2020-02-07 21:27:15', NULL, NULL, NULL);
INSERT INTO `MANAGE_CLASS_USER` VALUES ('1225776746297573378', '1', '1225776745571958786', NULL, '1', '2020-02-07 21:42:05', NULL, NULL, NULL);
INSERT INTO `MANAGE_CLASS_USER` VALUES ('1226527935465377793', '1226527893153153026', '1225776745571958786', NULL, '1', '2020-02-09 23:27:02', NULL, NULL, NULL);
INSERT INTO `MANAGE_CLASS_USER` VALUES ('1226527935918362626', '1226527893169930241', '1225776745571958786', NULL, '1', '2020-02-09 23:27:02', NULL, NULL, NULL);
INSERT INTO `MANAGE_CLASS_USER` VALUES ('1256948595001749505', '1256158916379676673', '1256948594242580481', NULL, '1', '2020-05-03 22:07:53', NULL, NULL, NULL);
INSERT INTO `MANAGE_CLASS_USER` VALUES ('1256948778288640001', '1256158916379676673', '1256948777898569729', NULL, '1', '2020-05-03 22:08:36', NULL, NULL, NULL);
INSERT INTO `MANAGE_CLASS_USER` VALUES ('1256968363981148162', '1256968282137714690', '1256948594242580481', '1', '1', '2020-05-03 15:26:26', NULL, NULL, NULL);
INSERT INTO `MANAGE_CLASS_USER` VALUES ('1256968364144726017', '1256968282209017858', '1256948594242580481', '1', '1', '2020-05-03 15:26:26', NULL, NULL, NULL);
INSERT INTO `MANAGE_CLASS_USER` VALUES ('1256968364144726018', '1256968282225795073', '1256948594242580481', '1', '1', '2020-05-03 15:26:26', NULL, NULL, NULL);
INSERT INTO `MANAGE_CLASS_USER` VALUES ('1258645541399564290', '1225768204119322625', '1258645541101768705', NULL, '1', '2020-05-08 06:30:56', NULL, NULL, NULL);
INSERT INTO `MANAGE_CLASS_USER` VALUES ('1258648797538422785', '1258648781084168194', '1258645541101768705', '1', '1', '2020-05-08 06:43:53', NULL, NULL, NULL);
INSERT INTO `MANAGE_CLASS_USER` VALUES ('1258648797660057602', '1258648781159665665', '1258645541101768705', '1', '1', '2020-05-08 06:43:53', NULL, NULL, NULL);
INSERT INTO `MANAGE_CLASS_USER` VALUES ('1258648797660057603', '1258648781159665666', '1258645541101768705', '1', '1', '2020-05-08 06:43:53', NULL, NULL, NULL);
INSERT INTO `MANAGE_CLASS_USER` VALUES ('1258925718306295810', '1225768204119322625', '1258925717903642626', NULL, '1', '2020-05-09 01:04:16', NULL, NULL, NULL);
INSERT INTO `MANAGE_CLASS_USER` VALUES ('1259104004802088961', '1259104001207570434', '1258645541101768705', '1', '1', '2020-05-09 12:52:42', NULL, NULL, NULL);
INSERT INTO `MANAGE_CLASS_USER` VALUES ('1259104004944695297', '1259104001207570435', '1258645541101768705', '1', '1', '2020-05-09 12:52:42', NULL, NULL, NULL);
INSERT INTO `MANAGE_CLASS_USER` VALUES ('1259104004944695298', '1259104001207570436', '1258645541101768705', '1', '1', '2020-05-09 12:52:42', NULL, NULL, NULL);
INSERT INTO `MANAGE_CLASS_USER` VALUES ('1259106825563803649', '1259106818106331138', '1258645541101768705', '1', '1', '2020-05-09 13:03:55', NULL, NULL, NULL);
INSERT INTO `MANAGE_CLASS_USER` VALUES ('1259106825702215682', '1259106818114719745', '1258645541101768705', '1', '1', '2020-05-09 13:03:55', NULL, NULL, NULL);
INSERT INTO `MANAGE_CLASS_USER` VALUES ('1259106825702215683', '1259106818135691265', '1258645541101768705', '1', '1', '2020-05-09 13:03:55', NULL, NULL, NULL);
INSERT INTO `MANAGE_CLASS_USER` VALUES ('1259106825702215684', '1259106818135691266', '1258645541101768705', '1', '1', '2020-05-09 13:03:55', NULL, NULL, NULL);
INSERT INTO `MANAGE_CLASS_USER` VALUES ('1259106825702215685', '1259106818135691267', '1258645541101768705', '1', '1', '2020-05-09 13:03:55', NULL, NULL, NULL);
INSERT INTO `MANAGE_CLASS_USER` VALUES ('1259106825702215686', '1259106818135691268', '1258645541101768705', '1', '1', '2020-05-09 13:03:55', NULL, NULL, NULL);
INSERT INTO `MANAGE_CLASS_USER` VALUES ('1259106825702215687', '1259106818135691269', '1258645541101768705', '1', '1', '2020-05-09 13:03:55', NULL, NULL, NULL);
INSERT INTO `MANAGE_CLASS_USER` VALUES ('1259106825702215688', '1259106818169245697', '1258645541101768705', '1', '1', '2020-05-09 13:03:55', NULL, NULL, NULL);
INSERT INTO `MANAGE_CLASS_USER` VALUES ('1259106825731575810', '1259106818169245698', '1258645541101768705', '1', '1', '2020-05-09 13:03:55', NULL, NULL, NULL);
INSERT INTO `MANAGE_CLASS_USER` VALUES ('1259106825731575811', '1259106818169245699', '1258645541101768705', '1', '1', '2020-05-09 13:03:55', NULL, NULL, NULL);
INSERT INTO `MANAGE_CLASS_USER` VALUES ('1259106825731575812', '1259106818211188737', '1258645541101768705', '1', '1', '2020-05-09 13:03:55', NULL, NULL, NULL);
INSERT INTO `MANAGE_CLASS_USER` VALUES ('1259106825731575813', '1259106818211188738', '1258645541101768705', '1', '1', '2020-05-09 13:03:55', NULL, NULL, NULL);
INSERT INTO `MANAGE_CLASS_USER` VALUES ('1259106825731575814', '1259106818211188739', '1258645541101768705', '1', '1', '2020-05-09 13:03:55', NULL, NULL, NULL);
INSERT INTO `MANAGE_CLASS_USER` VALUES ('1259106825731575815', '1259106818211188740', '1258645541101768705', '1', '1', '2020-05-09 13:03:55', NULL, NULL, NULL);
INSERT INTO `MANAGE_CLASS_USER` VALUES ('1259106825731575816', '1259106818211188741', '1258645541101768705', '1', '1', '2020-05-09 13:03:55', NULL, NULL, NULL);
INSERT INTO `MANAGE_CLASS_USER` VALUES ('1259106825773518849', '1259106818211188742', '1258645541101768705', '1', '1', '2020-05-09 13:03:55', NULL, NULL, NULL);
INSERT INTO `MANAGE_CLASS_USER` VALUES ('1259106825773518850', '1259106818248937473', '1258645541101768705', '1', '1', '2020-05-09 13:03:55', NULL, NULL, NULL);
INSERT INTO `MANAGE_CLASS_USER` VALUES ('1259106825773518851', '1259106818248937474', '1258645541101768705', '1', '1', '2020-05-09 13:03:55', NULL, NULL, NULL);
INSERT INTO `MANAGE_CLASS_USER` VALUES ('1259106825773518852', '1259106818248937475', '1258645541101768705', '1', '1', '2020-05-09 13:03:55', NULL, NULL, NULL);
INSERT INTO `MANAGE_CLASS_USER` VALUES ('1259106825773518853', '1259106818248937476', '1258645541101768705', '1', '1', '2020-05-09 13:03:55', NULL, NULL, NULL);
INSERT INTO `MANAGE_CLASS_USER` VALUES ('1259107924945408001', '1259107917177556994', '1258645541101768705', '1', '1', '2020-05-09 13:08:17', NULL, NULL, NULL);
INSERT INTO `MANAGE_CLASS_USER` VALUES ('1259107925071237121', '1259107917194334209', '1258645541101768705', '1', '1', '2020-05-09 13:08:17', NULL, NULL, NULL);
INSERT INTO `MANAGE_CLASS_USER` VALUES ('1259107925071237122', '1259107917194334210', '1258645541101768705', '1', '1', '2020-05-09 13:08:17', NULL, NULL, NULL);
INSERT INTO `MANAGE_CLASS_USER` VALUES ('1259107925071237123', '1259107917194334211', '1258645541101768705', '1', '1', '2020-05-09 13:08:17', NULL, NULL, NULL);
INSERT INTO `MANAGE_CLASS_USER` VALUES ('1259107925079625730', '1259107917194334212', '1258645541101768705', '1', '1', '2020-05-09 13:08:17', NULL, NULL, NULL);
INSERT INTO `MANAGE_CLASS_USER` VALUES ('1259107925079625731', '1259107917194334213', '1258645541101768705', '1', '1', '2020-05-09 13:08:17', NULL, NULL, NULL);
INSERT INTO `MANAGE_CLASS_USER` VALUES ('1259107925079625732', '1259107917194334214', '1258645541101768705', '1', '1', '2020-05-09 13:08:17', NULL, NULL, NULL);
INSERT INTO `MANAGE_CLASS_USER` VALUES ('1259107925079625733', '1259107917194334215', '1258645541101768705', '1', '1', '2020-05-09 13:08:17', NULL, NULL, NULL);
INSERT INTO `MANAGE_CLASS_USER` VALUES ('1259107925079625734', '1259107917194334216', '1258645541101768705', '1', '1', '2020-05-09 13:08:17', NULL, NULL, NULL);
INSERT INTO `MANAGE_CLASS_USER` VALUES ('1259107925079625735', '1259107917194334217', '1258645541101768705', '1', '1', '2020-05-09 13:08:17', NULL, NULL, NULL);
INSERT INTO `MANAGE_CLASS_USER` VALUES ('1259107925079625736', '1259107917194334218', '1258645541101768705', '1', '1', '2020-05-09 13:08:17', NULL, NULL, NULL);
INSERT INTO `MANAGE_CLASS_USER` VALUES ('1259107925079625737', '1259107917194334219', '1258645541101768705', '1', '1', '2020-05-09 13:08:17', NULL, NULL, NULL);
INSERT INTO `MANAGE_CLASS_USER` VALUES ('1259107925079625738', '1259107917194334220', '1258645541101768705', '1', '1', '2020-05-09 13:08:17', NULL, NULL, NULL);
INSERT INTO `MANAGE_CLASS_USER` VALUES ('1259107925079625739', '1259107917194334221', '1258645541101768705', '1', '1', '2020-05-09 13:08:17', NULL, NULL, NULL);
INSERT INTO `MANAGE_CLASS_USER` VALUES ('1259107925079625740', '1259107917194334222', '1258645541101768705', '1', '1', '2020-05-09 13:08:17', NULL, NULL, NULL);
INSERT INTO `MANAGE_CLASS_USER` VALUES ('1259107925079625741', '1259107917194334223', '1258645541101768705', '1', '1', '2020-05-09 13:08:17', NULL, NULL, NULL);
INSERT INTO `MANAGE_CLASS_USER` VALUES ('1259107925079625742', '1259107917194334224', '1258645541101768705', '1', '1', '2020-05-09 13:08:17', NULL, NULL, NULL);
INSERT INTO `MANAGE_CLASS_USER` VALUES ('1259107925125763073', '1259107917278220289', '1258645541101768705', '1', '1', '2020-05-09 13:08:17', NULL, NULL, NULL);
INSERT INTO `MANAGE_CLASS_USER` VALUES ('1259107925125763074', '1259107917278220290', '1258645541101768705', '1', '1', '2020-05-09 13:08:17', NULL, NULL, NULL);
INSERT INTO `MANAGE_CLASS_USER` VALUES ('1259107925125763075', '1259107917278220291', '1258645541101768705', '1', '1', '2020-05-09 13:08:17', NULL, NULL, NULL);
INSERT INTO `MANAGE_CLASS_USER` VALUES ('1259291237794451458', '1259291230534111233', '1258645541101768705', '1', '1', '2020-05-10 01:16:42', NULL, NULL, NULL);
INSERT INTO `MANAGE_CLASS_USER` VALUES ('1259291237924474881', '1259291230534111234', '1258645541101768705', '1', '1', '2020-05-10 01:16:42', NULL, NULL, NULL);
INSERT INTO `MANAGE_CLASS_USER` VALUES ('1259291237924474882', '1259291230534111235', '1258645541101768705', '1', '1', '2020-05-10 01:16:42', NULL, NULL, NULL);
INSERT INTO `MANAGE_CLASS_USER` VALUES ('1259291237924474883', '1259291230534111236', '1258645541101768705', '1', '1', '2020-05-10 01:16:42', NULL, NULL, NULL);
INSERT INTO `MANAGE_CLASS_USER` VALUES ('1259291237924474884', '1259291230534111237', '1258645541101768705', '1', '1', '2020-05-10 01:16:42', NULL, NULL, NULL);
INSERT INTO `MANAGE_CLASS_USER` VALUES ('1259291237924474885', '1259291230534111238', '1258645541101768705', '1', '1', '2020-05-10 01:16:42', NULL, NULL, NULL);
INSERT INTO `MANAGE_CLASS_USER` VALUES ('1259291237924474886', '1259291230534111239', '1258645541101768705', '1', '1', '2020-05-10 01:16:42', NULL, NULL, NULL);
INSERT INTO `MANAGE_CLASS_USER` VALUES ('1259291237924474887', '1259291230534111240', '1258645541101768705', '1', '1', '2020-05-10 01:16:42', NULL, NULL, NULL);
INSERT INTO `MANAGE_CLASS_USER` VALUES ('1259291237924474888', '1259291230534111241', '1258645541101768705', '1', '1', '2020-05-10 01:16:42', NULL, NULL, NULL);
INSERT INTO `MANAGE_CLASS_USER` VALUES ('1259291237924474889', '1259291230576054274', '1258645541101768705', '1', '1', '2020-05-10 01:16:42', NULL, NULL, NULL);
INSERT INTO `MANAGE_CLASS_USER` VALUES ('1259291237924474890', '1259291230576054275', '1258645541101768705', '1', '1', '2020-05-10 01:16:42', NULL, NULL, NULL);
INSERT INTO `MANAGE_CLASS_USER` VALUES ('1259291237924474891', '1259291230576054276', '1258645541101768705', '1', '1', '2020-05-10 01:16:42', NULL, NULL, NULL);
INSERT INTO `MANAGE_CLASS_USER` VALUES ('1259291237924474892', '1259291230576054277', '1258645541101768705', '1', '1', '2020-05-10 01:16:42', NULL, NULL, NULL);
INSERT INTO `MANAGE_CLASS_USER` VALUES ('1259291237924474893', '1259291230576054278', '1258645541101768705', '1', '1', '2020-05-10 01:16:42', NULL, NULL, NULL);
INSERT INTO `MANAGE_CLASS_USER` VALUES ('1259291237924474894', '1259291230576054279', '1258645541101768705', '1', '1', '2020-05-10 01:16:42', NULL, NULL, NULL);
INSERT INTO `MANAGE_CLASS_USER` VALUES ('1259291237924474895', '1259291230576054280', '1258645541101768705', '1', '1', '2020-05-10 01:16:42', NULL, NULL, NULL);
INSERT INTO `MANAGE_CLASS_USER` VALUES ('1259291237924474896', '1259291230576054281', '1258645541101768705', '1', '1', '2020-05-10 01:16:42', NULL, NULL, NULL);
INSERT INTO `MANAGE_CLASS_USER` VALUES ('1259291237924474897', '1259291230622191617', '1258645541101768705', '1', '1', '2020-05-10 01:16:42', NULL, NULL, NULL);
INSERT INTO `MANAGE_CLASS_USER` VALUES ('1259291237924474898', '1259291230622191618', '1258645541101768705', '1', '1', '2020-05-10 01:16:42', NULL, NULL, NULL);
INSERT INTO `MANAGE_CLASS_USER` VALUES ('1259291237924474899', '1259291230622191619', '1258645541101768705', '1', '1', '2020-05-10 01:16:42', NULL, NULL, NULL);
COMMIT;

-- ----------------------------
-- Table structure for MANAGE_FEEDBACK
-- ----------------------------
DROP TABLE IF EXISTS `MANAGE_FEEDBACK`;
CREATE TABLE `MANAGE_FEEDBACK` (
  `FEEDBACK_ID` varchar(32) COLLATE utf8_bin NOT NULL,
  `USER_NAME_ALIAS` varchar(255) COLLATE utf8_bin DEFAULT NULL,
  `USER_NAME` varchar(255) COLLATE utf8_bin DEFAULT NULL,
  `TITLE` varchar(255) COLLATE utf8_bin DEFAULT NULL,
  `CONTENT` varchar(1000) COLLATE utf8_bin DEFAULT NULL,
  `CREATE_USER` varchar(32) COLLATE utf8_bin DEFAULT NULL,
  `CREATE_TIME` datetime DEFAULT NULL,
  `UPDATE_USER` varchar(32) COLLATE utf8_bin DEFAULT NULL,
  `UPDATE_TIME` datetime DEFAULT NULL,
  `CONTACT` varchar(255) COLLATE utf8_bin DEFAULT NULL,
  `REPLY` varchar(1000) COLLATE utf8_bin DEFAULT NULL,
  `MOBILE` varchar(11) COLLATE utf8_bin DEFAULT NULL,
  `EMAIL` varchar(30) COLLATE utf8_bin DEFAULT NULL,
  PRIMARY KEY (`FEEDBACK_ID`)
) ENGINE=InnoDB DEFAULT CHARSET=utf8 COLLATE=utf8_bin COMMENT='反馈';

-- ----------------------------
-- Records of MANAGE_FEEDBACK
-- ----------------------------
BEGIN;
INSERT INTO `MANAGE_FEEDBACK` VALUES ('1259083843109916674', '文武', 'test', '意见反馈测试', '这是一条反馈意见', '1258377256380665858', '2020-05-09 11:32:36', '1256158916379676673', '2020-05-09 11:48:40', '', 'dfgdsf ', '', '1909963659@qq.com');
INSERT INTO `MANAGE_FEEDBACK` VALUES ('1259091817501036545', '李海天', 'test', '反应慢', '这个系统反应有点慢，请问可以调整下不？', '1225768204119322625', '2020-05-09 12:04:17', NULL, NULL, '联系方式', '', '13711919653', '13711919653@qq.com');
INSERT INTO `MANAGE_FEEDBACK` VALUES ('1259091822706167809', '肖战', 'test', '界面不错', '界面不错，及时后台反应有点吃顿呀！', '1225769011682226178', '2020-05-09 12:04:18', NULL, NULL, '联系方式', '', '13711919653', '13711919653@qq.com');
INSERT INTO `MANAGE_FEEDBACK` VALUES ('1259091827454119937', '李大虾', 'test', '印度', '印度隔离中心22人连夜逃跑', '1226046389771882498', '2020-05-09 12:04:19', NULL, NULL, '联系方式', '', '13711919653', '13711919653@qq.com');
INSERT INTO `MANAGE_FEEDBACK` VALUES ('1259091832504061953', '王多鱼', 'test', '禁止数理化', '禁止数理化使用繁难偏怪练习题', '1226046389843185665', '2020-05-09 12:04:20', NULL, NULL, '联系方式', '', '13711919653', '13711919653@qq.com');
INSERT INTO `MANAGE_FEEDBACK` VALUES ('1259091836593508354', '第三者', 'test', '外酥里嫩', '外酥里嫩，香茅草鸡翅', '1226046389847379969', '2020-05-09 12:04:21', NULL, NULL, '联系方式', '', '13711919653', '13711919653@qq.com');
INSERT INTO `MANAGE_FEEDBACK` VALUES ('1259091840133500929', '李利光', 'test', '皮肤变黑', '两位皮肤变黑医生可慢慢恢复', '1256968282137714690', '2020-05-09 12:04:22', NULL, NULL, '联系方式', '', '13711919653', '13711919653@qq.com');
INSERT INTO `MANAGE_FEEDBACK` VALUES ('1259091844436856833', '吴三桂', 'test', '本学期不返校', '多所大学部分年级本学期不返校', '1256968282209017858', '2020-05-09 12:04:23', NULL, NULL, '联系方式', '', '13711919653', '13711919653@qq.com');
INSERT INTO `MANAGE_FEEDBACK` VALUES ('1259091847620333569', '张大炮', 'test', '中信银行', '银保监会对中信银行启动立案调查', '1256968282225795073', '2020-05-09 12:04:24', '1256158916379676673', '2020-05-09 12:30:10', '联系方式', '我就想测试一下而已', '13711919653', '13711919653@qq.com');
INSERT INTO `MANAGE_FEEDBACK` VALUES ('1259091850862530561', '陈小希', 'test', '相信', '相信未来义演第三场', '1259015957414678529', '2020-05-09 12:04:25', NULL, NULL, '联系方式', '', '13711919653', '13711919653@qq.com');
INSERT INTO `MANAGE_FEEDBACK` VALUES ('1259137576619479041', '文武', '', '登陆不了', '不知道怎么回事吧', '1258377256380665858', '2020-05-09 15:06:07', '1256158916379676673', '2020-05-09 15:07:13', '', '测试反馈', '', '19099639@qq.com');
INSERT INTO `MANAGE_FEEDBACK` VALUES ('1259148669395931137', 'smallBird', '', '动不了了', '不知道今天怎么情况 突然动不了了', '1256158916379676673', '2020-05-09 15:50:11', '1258377256380665858', '2020-05-09 15:51:06', '', '回复测试', '', '13556971676@qq.com');
INSERT INTO `MANAGE_FEEDBACK` VALUES ('1259149629748940801', 'smallBird', '', '不知道为什么用不了', '今天好像有点问题，不知道为什么用不了', '1256158916379676673', '2020-05-09 15:54:00', NULL, NULL, '', '', '', '1412452735@qq.com');
INSERT INTO `MANAGE_FEEDBACK` VALUES ('1259287360793743361', '文武', '', '测试', '测试', '1258377256380665858', '2020-05-10 01:01:18', '1256158916379676673', '2020-05-10 01:01:55', '', 'd看了', '', '1909963659@qq.com');
COMMIT;

-- ----------------------------
-- Table structure for MANAGE_LEARN_REPORT
-- ----------------------------
DROP TABLE IF EXISTS `MANAGE_LEARN_REPORT`;
CREATE TABLE `MANAGE_LEARN_REPORT` (
  `LEARN_REPORT_ID` varchar(32) COLLATE utf8_bin NOT NULL,
  `NAME` varchar(255) COLLATE utf8_bin DEFAULT NULL COMMENT '学情报告名称',
  `DETAIL_REVIEW` varchar(255) COLLATE utf8_bin DEFAULT NULL COMMENT '详细点评',
  `VIDEO` varchar(500) COLLATE utf8_bin DEFAULT NULL COMMENT '视频',
  `PHOTO` varchar(500) COLLATE utf8_bin DEFAULT NULL COMMENT '图片',
  `TASK` varchar(255) COLLATE utf8_bin DEFAULT NULL COMMENT '任务',
  `USER_ID` int(11) DEFAULT NULL COMMENT '学生id',
  `CREATE_USER` varchar(32) COLLATE utf8_bin DEFAULT NULL,
  `CREATE_TIME` datetime DEFAULT NULL,
  `UPDATE_USER` varchar(32) COLLATE utf8_bin DEFAULT NULL,
  `UPDATE_TIME` datetime DEFAULT NULL,
  PRIMARY KEY (`LEARN_REPORT_ID`)
) ENGINE=InnoDB DEFAULT CHARSET=utf8 COLLATE=utf8_bin COMMENT='学情报告';

-- ----------------------------
-- Table structure for MANAGE_RESOURCE
-- ----------------------------
DROP TABLE IF EXISTS `MANAGE_RESOURCE`;
CREATE TABLE `MANAGE_RESOURCE` (
  `RESOURCE_ID` varchar(32) COLLATE utf8_bin NOT NULL COMMENT '资源编码',
  `RESOURCE_NAME` varchar(100) COLLATE utf8_bin DEFAULT NULL COMMENT '资源名称',
  `RESOURCE_PATH` varchar(255) COLLATE utf8_bin DEFAULT NULL COMMENT '资源路径',
  `CREATE_USER` varchar(32) COLLATE utf8_bin DEFAULT NULL COMMENT '创建人',
  `CREATE_TIME` datetime DEFAULT NULL COMMENT '创建时间',
  `REMARKS` varchar(255) COLLATE utf8_bin DEFAULT NULL COMMENT '备注',
  PRIMARY KEY (`RESOURCE_ID`)
) ENGINE=InnoDB DEFAULT CHARSET=utf8 COLLATE=utf8_bin COMMENT='资源';

-- ----------------------------
-- Records of MANAGE_RESOURCE
-- ----------------------------
BEGIN;
INSERT INTO `MANAGE_RESOURCE` VALUES ('1226500611151761410', NULL, 'test/test.jpg', '1', '2020-02-09 21:38:28', NULL);
COMMIT;

-- ----------------------------
-- Table structure for MANAGE_REVIEW
-- ----------------------------
DROP TABLE IF EXISTS `MANAGE_REVIEW`;
CREATE TABLE `MANAGE_REVIEW` (
  `REVIEW_ID` varchar(32) COLLATE utf8_bin NOT NULL COMMENT '点评编码',
  `TASK_ID` varchar(32) COLLATE utf8_bin DEFAULT NULL COMMENT '任务编码',
  `USER_ID` varchar(32) COLLATE utf8_bin DEFAULT NULL COMMENT '学生编码',
  `REVIEW_CONTENT` longtext COLLATE utf8_bin COMMENT '点评内容',
  `SCOPE` varchar(8) COLLATE utf8_bin DEFAULT NULL COMMENT '作品得分',
  `PRODUCTION_ID` varchar(32) COLLATE utf8_bin DEFAULT NULL COMMENT '作品编码',
  `STATUS` varchar(8) COLLATE utf8_bin DEFAULT NULL COMMENT '状态',
  `CREATE_USER` varchar(32) COLLATE utf8_bin DEFAULT NULL COMMENT '创建人',
  `CREATE_TIME` datetime DEFAULT NULL COMMENT '创建时间',
  `UPDATE_USER` varchar(32) COLLATE utf8_bin DEFAULT NULL COMMENT '修改人',
  `UPDATE_TIME` datetime DEFAULT NULL COMMENT '修改编码',
  `REMARKS` varchar(255) COLLATE utf8_bin DEFAULT NULL COMMENT '备注',
  PRIMARY KEY (`REVIEW_ID`),
  KEY `TASK_ID` (`TASK_ID`),
  KEY `USER_ID` (`USER_ID`),
  KEY `PRODUCTION_ID` (`PRODUCTION_ID`),
  CONSTRAINT `MANAGE_REVIEW_ibfk_1` FOREIGN KEY (`TASK_ID`) REFERENCES `MANAGE_TASK` (`TASK_ID`),
  CONSTRAINT `MANAGE_REVIEW_ibfk_2` FOREIGN KEY (`USER_ID`) REFERENCES `OSS_USER` (`USER_ID`),
  CONSTRAINT `MANAGE_REVIEW_ibfk_3` FOREIGN KEY (`PRODUCTION_ID`) REFERENCES `MANAGE_RESOURCE` (`RESOURCE_ID`)
) ENGINE=InnoDB DEFAULT CHARSET=utf8 COLLATE=utf8_bin COMMENT='作品点评';

-- ----------------------------
-- Table structure for MANAGE_SCHOOL
-- ----------------------------
DROP TABLE IF EXISTS `MANAGE_SCHOOL`;
CREATE TABLE `MANAGE_SCHOOL` (
  `SCHOOL_ID` varchar(32) COLLATE utf8_bin NOT NULL DEFAULT '#' COMMENT '学校编码',
  `PID` varchar(32) COLLATE utf8_bin DEFAULT '#' COMMENT '父编码',
  `NAME` varchar(100) COLLATE utf8_bin DEFAULT NULL COMMENT '学校名称',
  `CODE` varchar(32) COLLATE utf8_bin DEFAULT NULL COMMENT '学校编码',
  `EMAIL` varchar(32) COLLATE utf8_bin DEFAULT NULL COMMENT '学校邮箱',
  `PRINCIPAL` varchar(255) COLLATE utf8_bin DEFAULT NULL COMMENT '学校校长',
  `ADDRESS` varchar(32) COLLATE utf8_bin DEFAULT NULL COMMENT '学校地址',
  `MOBILE` varchar(20) COLLATE utf8_bin DEFAULT NULL COMMENT '学校电话',
  `CREATE_USER` varchar(32) COLLATE utf8_bin DEFAULT NULL COMMENT '创建人',
  `CREATE_TIME` datetime DEFAULT NULL COMMENT '创建时间',
  `UPDATE_USER` varchar(32) COLLATE utf8_bin DEFAULT NULL COMMENT '修改人',
  `UPDATE_TIME` datetime DEFAULT NULL COMMENT '修改时间',
  `REMARKS` varchar(255) COLLATE utf8_bin DEFAULT NULL COMMENT '备注',
  PRIMARY KEY (`SCHOOL_ID`)
) ENGINE=InnoDB DEFAULT CHARSET=utf8 COLLATE=utf8_bin COMMENT='学校';

-- ----------------------------
-- Records of MANAGE_SCHOOL
-- ----------------------------
BEGIN;
INSERT INTO `MANAGE_SCHOOL` VALUES ('1225768200025686018', '#', '广州商学院', 'GZSXY', '13711919653@163.com', '李海天', '广东省广州市黄浦区九龙镇九龙大道', '13711919653', NULL, '2020-02-07 21:08:07', NULL, NULL, NULL);
INSERT INTO `MANAGE_SCHOOL` VALUES ('1225769008360341505', '#', '黄埔小学', 'HPXX', '427002055@qq.com', '肖战', '广东省广州市黄浦区九龙镇九龙大道', '13711919653', NULL, '2020-02-07 21:11:20', NULL, NULL, NULL);
INSERT INTO `MANAGE_SCHOOL` VALUES ('1258640049126248450', '#', '广州大学', 'GZDX', '13711851555@163.com', '李天布', '广东省广州市黄浦区九龙镇九龙大道', '13711851555', NULL, '2020-05-08 06:09:07', NULL, NULL, NULL);
INSERT INTO `MANAGE_SCHOOL` VALUES ('1259015955409801217', '#', '广州南方学院', 'GZNFXY', '1706646442@qq.com', '陈小希', '广东省广州市番禺大街村', '13552642113', NULL, '2020-05-09 07:02:50', NULL, NULL, NULL);
COMMIT;

-- ----------------------------
-- Table structure for MANAGE_SCHOOL_USER
-- ----------------------------
DROP TABLE IF EXISTS `MANAGE_SCHOOL_USER`;
CREATE TABLE `MANAGE_SCHOOL_USER` (
  `SCHOOL_USER_ID` varchar(32) COLLATE utf8_bin NOT NULL,
  `USER_ID` varchar(32) COLLATE utf8_bin DEFAULT NULL COMMENT '用户编码',
  `SCHOOL_ID` varchar(32) COLLATE utf8_bin DEFAULT NULL COMMENT '学校编码',
  `TYPE` varchar(8) COLLATE utf8_bin DEFAULT NULL COMMENT '关系类型 1:校长 2:老师',
  `CREATE_USER` varchar(32) COLLATE utf8_bin DEFAULT NULL COMMENT '创建人',
  `CREATE_TIME` datetime DEFAULT NULL COMMENT '创建时间',
  `UPDATE_USER` varchar(32) COLLATE utf8_bin DEFAULT NULL COMMENT '修改人',
  `UPDATE_TIME` datetime DEFAULT NULL COMMENT '修改时间',
  `REMARKS` varchar(255) COLLATE utf8_bin DEFAULT '0' COMMENT '备注',
  PRIMARY KEY (`SCHOOL_USER_ID`),
  KEY `USER_ID` (`USER_ID`),
  KEY `SCHOOL_ID` (`SCHOOL_ID`),
  CONSTRAINT `MANAGE_SCHOOL_USER_ibfk_1` FOREIGN KEY (`USER_ID`) REFERENCES `OSS_USER` (`USER_ID`),
  CONSTRAINT `MANAGE_SCHOOL_USER_ibfk_2` FOREIGN KEY (`SCHOOL_ID`) REFERENCES `MANAGE_SCHOOL` (`SCHOOL_ID`)
) ENGINE=InnoDB DEFAULT CHARSET=utf8 COLLATE=utf8_bin COMMENT='学校校长';

-- ----------------------------
-- Records of MANAGE_SCHOOL_USER
-- ----------------------------
BEGIN;
INSERT INTO `MANAGE_SCHOOL_USER` VALUES ('1225768206317142017', '1225768204119322625', '1225768200025686018', '1', NULL, '2020-02-07 21:08:09', NULL, NULL, '0');
INSERT INTO `MANAGE_SCHOOL_USER` VALUES ('1225769013695496193', '1225769011682226178', '1225768200025686018', '1', NULL, '2020-02-07 21:11:21', NULL, NULL, '0');
INSERT INTO `MANAGE_SCHOOL_USER` VALUES ('1256942050071400449', '1259015957414678529', '1225768200025686018', '2', '1', '2020-05-03 21:41:52', NULL, '2020-05-03 21:59:57', '1');
INSERT INTO `MANAGE_SCHOOL_USER` VALUES ('1256944367264870401', '1226046389771882498', '1225768200025686018', '2', '1', '2020-05-03 21:51:05', NULL, '2020-05-09 08:13:57', '1');
INSERT INTO `MANAGE_SCHOOL_USER` VALUES ('1258651863062941697', '1226046389843185665', '1225768200025686018', '2', '1', '2020-05-08 06:56:03', NULL, NULL, '0');
INSERT INTO `MANAGE_SCHOOL_USER` VALUES ('1258651879194234881', '1256968282225795073', '1225768200025686018', '2', '1', '2020-05-08 06:56:07', NULL, NULL, '0');
INSERT INTO `MANAGE_SCHOOL_USER` VALUES ('1258664096501415938', '1258635348406177794', '1225768200025686018', '2', '1', '2020-05-08 15:44:40', NULL, NULL, '0');
INSERT INTO `MANAGE_SCHOOL_USER` VALUES ('1258664574698209281', '1258640051105959938', '1225768200025686018', '2', '1', '2020-05-08 15:46:34', NULL, NULL, '0');
INSERT INTO `MANAGE_SCHOOL_USER` VALUES ('1258683149840367617', '1258648781084168194', '1225768200025686018', '2', '1', '2020-05-08 17:00:23', NULL, NULL, '0');
INSERT INTO `MANAGE_SCHOOL_USER` VALUES ('1258685402013835265', '1258648781159665665', '1225768200025686018', '2', '1', '2020-05-08 17:09:20', NULL, NULL, '0');
INSERT INTO `MANAGE_SCHOOL_USER` VALUES ('1258689807031308290', '1258648781159665666', '1225768200025686018', '2', '1', '2020-05-08 17:26:50', NULL, NULL, '0');
INSERT INTO `MANAGE_SCHOOL_USER` VALUES ('1259026605766873089', '1258377256380665858', '1225768200025686018', '2', '1', '2020-05-09 07:45:09', NULL, NULL, '0');
COMMIT;

-- ----------------------------
-- Table structure for MANAGE_TASK
-- ----------------------------
DROP TABLE IF EXISTS `MANAGE_TASK`;
CREATE TABLE `MANAGE_TASK` (
  `TASK_ID` varchar(32) COLLATE utf8_bin NOT NULL COMMENT '任务编码',
  `NAME` varchar(100) COLLATE utf8_bin DEFAULT NULL COMMENT '任务名称',
  `ASSIGNED_CLASS` varchar(255) COLLATE utf8_bin DEFAULT NULL COMMENT '指派课室',
  `TITLE` varchar(100) COLLATE utf8_bin DEFAULT NULL COMMENT '任务标题',
  `WORKS_COUNT` varchar(8) COLLATE utf8_bin DEFAULT NULL COMMENT '作品提交数量',
  `WORKS_REQUIRE` longtext COLLATE utf8_bin COMMENT '作品要求',
  `EDITOR` varchar(8) COLLATE utf8_bin DEFAULT NULL COMMENT '编辑器版本',
  `RESOURCE_ID` varchar(32) COLLATE utf8_bin DEFAULT NULL COMMENT '资源编码',
  `DEADLINE` datetime DEFAULT NULL COMMENT '截止时间',
  `CREATE_USER` varchar(32) COLLATE utf8_bin DEFAULT NULL COMMENT '创建人',
  `CREATE_TIME` datetime DEFAULT NULL COMMENT '创建时间',
  `UPDATE_USER` varchar(0) COLLATE utf8_bin DEFAULT NULL COMMENT '修改人',
  `UPDATE_TIME` datetime DEFAULT NULL COMMENT '修改时间',
  `REMARKS` varchar(255) COLLATE utf8_bin DEFAULT NULL COMMENT '备注',
  PRIMARY KEY (`TASK_ID`)
) ENGINE=InnoDB DEFAULT CHARSET=utf8 COLLATE=utf8_bin COMMENT='任务';

-- ----------------------------
-- Table structure for OSS_PERMISSION
-- ----------------------------
DROP TABLE IF EXISTS `OSS_PERMISSION`;
CREATE TABLE `OSS_PERMISSION` (
  `PERMISSION_ID` varchar(50) COLLATE utf8_bin NOT NULL COMMENT '权限id',
  `PERMISSION_NAME` varchar(50) COLLATE utf8_bin NOT NULL COMMENT '权限名称',
  `PERMISSION_NOTE` varchar(255) COLLATE utf8_bin DEFAULT NULL COMMENT '权限说明',
  `PERMISSION_REMARK` varchar(255) COLLATE utf8_bin DEFAULT NULL COMMENT '权限备注',
  `PERMISSION_ICON` varchar(30) COLLATE utf8_bin DEFAULT NULL COMMENT '权限图标',
  `PERMISSION_PATH` varchar(100) COLLATE utf8_bin NOT NULL COMMENT '权限路径',
  `CREATE_TIME` datetime NOT NULL COMMENT '创建时间',
  `CREATE_PERSON` varchar(50) COLLATE utf8_bin NOT NULL COMMENT '创建人',
  `UPDATE_TIME` datetime DEFAULT NULL COMMENT '修改时间',
  `UPDATE_PERSON` varchar(50) COLLATE utf8_bin DEFAULT NULL COMMENT '修改人',
  PRIMARY KEY (`PERMISSION_ID`)
) ENGINE=InnoDB DEFAULT CHARSET=utf8 COLLATE=utf8_bin COMMENT='权限表';

-- ----------------------------
-- Records of OSS_PERMISSION
-- ----------------------------
BEGIN;
INSERT INTO `OSS_PERMISSION` VALUES ('1', 'token授权', '用于授权', '无', NULL, '/classRoom/addItem', '2019-11-10 16:32:45', '1', NULL, NULL);
COMMIT;

-- ----------------------------
-- Table structure for OSS_ROLE
-- ----------------------------
DROP TABLE IF EXISTS `OSS_ROLE`;
CREATE TABLE `OSS_ROLE` (
  `ROLE_ID` varchar(50) COLLATE utf8_bin NOT NULL COMMENT '角色id',
  `ROLE_NAME` varchar(50) COLLATE utf8_bin NOT NULL COMMENT '角色名称',
  `CREATE_TIME` datetime NOT NULL COMMENT '创建时间',
  `CREATE_PERSON` varchar(255) COLLATE utf8_bin NOT NULL COMMENT '创建人',
  `UPDATE_TIME` datetime DEFAULT NULL COMMENT '修改时间',
  `UPDATE_PERSON` varchar(255) COLLATE utf8_bin DEFAULT NULL COMMENT '修改人',
  PRIMARY KEY (`ROLE_ID`)
) ENGINE=InnoDB DEFAULT CHARSET=utf8 COLLATE=utf8_bin COMMENT='角色表';

-- ----------------------------
-- Records of OSS_ROLE
-- ----------------------------
BEGIN;
INSERT INTO `OSS_ROLE` VALUES ('1', 'USER', '2019-11-10 12:05:34', '1', NULL, NULL);
INSERT INTO `OSS_ROLE` VALUES ('2', 'ADMIN', '2019-11-10 12:05:48', '1', NULL, NULL);
INSERT INTO `OSS_ROLE` VALUES ('3', 'PRINCIPAL', '2020-02-06 15:29:20', '1', NULL, NULL);
INSERT INTO `OSS_ROLE` VALUES ('4', 'TEACHER', '2020-02-06 15:30:44', '1', NULL, NULL);
INSERT INTO `OSS_ROLE` VALUES ('5', 'STUDENT', '2020-02-06 15:31:13', '1', NULL, NULL);
COMMIT;

-- ----------------------------
-- Table structure for OSS_ROLE_PERMISSION
-- ----------------------------
DROP TABLE IF EXISTS `OSS_ROLE_PERMISSION`;
CREATE TABLE `OSS_ROLE_PERMISSION` (
  `ROLE_AND_PERMISSION_ID` varchar(50) COLLATE utf8_bin NOT NULL COMMENT '主键id',
  `ROLE_ID` varchar(50) COLLATE utf8_bin NOT NULL COMMENT '角色id',
  `PERMISSION_ID` varchar(50) COLLATE utf8_bin NOT NULL COMMENT '权限id',
  `CREATE_TIME` datetime NOT NULL COMMENT '创建时间',
  `CREATE_PERSON` varchar(255) COLLATE utf8_bin NOT NULL COMMENT '创建人',
  PRIMARY KEY (`ROLE_AND_PERMISSION_ID`) USING BTREE,
  KEY `OSS_ROLE_PERMISSION_ROLE_ID` (`ROLE_ID`),
  KEY `OSS_ROLE_PERMISSION_PERMISSION_ID` (`PERMISSION_ID`),
  CONSTRAINT `OSS_ROLE_PERMISSION_PERMISSION_ID` FOREIGN KEY (`PERMISSION_ID`) REFERENCES `OSS_PERMISSION` (`PERMISSION_ID`) ON DELETE CASCADE ON UPDATE CASCADE,
  CONSTRAINT `OSS_ROLE_PERMISSION_ROLE_ID` FOREIGN KEY (`ROLE_ID`) REFERENCES `OSS_ROLE` (`ROLE_ID`) ON DELETE CASCADE ON UPDATE CASCADE
) ENGINE=InnoDB DEFAULT CHARSET=utf8 COLLATE=utf8_bin COMMENT='角色权限关系表';

-- ----------------------------
-- Records of OSS_ROLE_PERMISSION
-- ----------------------------
BEGIN;
INSERT INTO `OSS_ROLE_PERMISSION` VALUES ('1', '1', '1', '2019-11-10 16:33:16', '1');
COMMIT;

-- ----------------------------
-- Table structure for OSS_USER
-- ----------------------------
DROP TABLE IF EXISTS `OSS_USER`;
CREATE TABLE `OSS_USER` (
  `USER_ID` varchar(50) COLLATE utf8_bin NOT NULL COMMENT '用户id',
  `USER_NAME` varchar(50) COLLATE utf8_bin NOT NULL COMMENT '用户账号',
  `USER_NAME_ALIAS` varchar(50) COLLATE utf8_bin DEFAULT NULL COMMENT '用户名称',
  `PASSWORD` varchar(255) COLLATE utf8_bin NOT NULL COMMENT '密码',
  `MOBILE` varchar(20) COLLATE utf8_bin DEFAULT NULL COMMENT '手机号码',
  `EMAIL` varchar(255) COLLATE utf8_bin DEFAULT NULL COMMENT '邮箱',
  `GENDER` varchar(255) COLLATE utf8_bin DEFAULT NULL COMMENT '性别',
  `BIRTHDAY` date DEFAULT NULL COMMENT '生日',
  `IS_ENABLED` tinyint(1) DEFAULT '1' COMMENT '是否启用',
  `FAILURE_TIME` datetime DEFAULT NULL COMMENT '失效时间',
  `CREATE_TIME` datetime NOT NULL COMMENT '创建时间',
  `CREATE_PERSON` varchar(255) COLLATE utf8_bin NOT NULL COMMENT '创建人',
  `UPDATE_TIME` datetime DEFAULT NULL COMMENT '修改时间',
  `UPDATE_PERSON` varchar(0) COLLATE utf8_bin DEFAULT NULL COMMENT '修改人',
  PRIMARY KEY (`USER_ID`)
) ENGINE=InnoDB DEFAULT CHARSET=utf8 COLLATE=utf8_bin COMMENT='用户表';

-- ----------------------------
-- Records of OSS_USER
-- ----------------------------
BEGIN;
INSERT INTO `OSS_USER` VALUES ('1', 'admin', '李利光', '$2a$10$SdE39HCqDk3F3oRvn2Zx3uMJCzHtvMZrw//w4Sj8ZNpt7/MbF6j0C', '13711919653', '903857227@qq.com', 'F', '2019-11-10', 1, '2020-12-31 21:39:43', '2019-11-13 11:30:50', '1', '2020-05-05 05:37:22', NULL);
INSERT INTO `OSS_USER` VALUES ('1225768204119322625', '5544331', '李海天', '$2a$10$K4bcZdrjfO83Xk87KNI58O.zJVU/3q2WomZ.4w.TFxoget/2ArZ.W', '13711919653', '13711919653@163.com', NULL, NULL, 1, '2021-02-07 21:08:08', '2020-02-07 21:08:08', '1', '2020-05-08 23:46:22', NULL);
INSERT INTO `OSS_USER` VALUES ('1225769011682226178', '2776562', '肖战', '$2a$10$IfKX4gKiZ8CXnSpmSRmE9.VQ4rA6GLiiXOxPDnbx3UZ1EHAAFN63W', NULL, '427002055@qq.com', NULL, NULL, 1, '2021-02-07 21:11:21', '2020-02-07 21:11:21', '1', NULL, NULL);
INSERT INTO `OSS_USER` VALUES ('1226046389771882498', '5254283', '李大虾', '$2a$10$fC2JQHFQwfrrwQ99EdyM..RwTXrBSFEFvYwSN5MG8zQh7kHDl1dR6', NULL, NULL, NULL, NULL, 1, '2021-02-08 15:33:32', '2020-02-08 15:33:33', '1', NULL, NULL);
INSERT INTO `OSS_USER` VALUES ('1226046389843185665', '8531033', '王多鱼', '$2a$10$XMSODbSlFsRn2LOEZXkUkecxAoX0TYtBD7sYvCESsRRqxWFfgdV7C', NULL, NULL, NULL, NULL, 1, '2021-02-08 15:33:32', '2020-02-08 15:33:33', '1', NULL, NULL);
INSERT INTO `OSS_USER` VALUES ('1226046389847379969', '2832433', '第三者', '$2a$10$NL1ZazR17Up9Rfyku1As7e.0oyL59Sn3cDfVWi8oPdBVCKlTJlWLO', NULL, NULL, NULL, NULL, 1, '2021-02-08 15:33:32', '2020-02-08 15:33:33', '1', NULL, NULL);
INSERT INTO `OSS_USER` VALUES ('1226046389855768578', '4344113', '无力气', '$2a$10$I19OxyQoRm43uQPq8rgkXuOIIbNURIIUrEjO1SbDMtf7x0g/oinp2', NULL, NULL, NULL, NULL, 1, '2021-02-08 15:33:33', '2020-02-08 15:33:33', '1', '2020-02-10 13:30:03', NULL);
INSERT INTO `OSS_USER` VALUES ('1226525357927071746', '7561757', '666', '$2a$10$xNhxnNBgYuP7LATRSrzKJukRFPAH3akJSvldB/7F2xQKemstkIGt2', NULL, NULL, NULL, NULL, 1, '2021-02-09 23:16:47', '2020-02-09 23:16:48', '1', '2020-05-08 06:47:02', NULL);
INSERT INTO `OSS_USER` VALUES ('1226525357973209090', '1068257', '777', '$2a$10$EW4A4W3AmW9Gea/bQJVbG.NrvukMsYEO6Jr9GCCMad8/463yh.5km', NULL, NULL, NULL, NULL, 1, '2021-02-09 23:16:48', '2020-02-09 23:16:48', '1', NULL, NULL);
INSERT INTO `OSS_USER` VALUES ('1226527893153153026', '4328839', '666', '$2a$10$FOwabIqPymG4f2KRemwAAutIF.vKUsFDcFurEUK9VskWvFA62LG7m', NULL, NULL, NULL, NULL, 1, '2021-02-09 23:26:52', '2020-02-09 23:26:52', '1', NULL, NULL);
INSERT INTO `OSS_USER` VALUES ('1226527893169930241', '1807319', '777', '$2a$10$bJcgDyE7unwre.Leru3vxOCp21EOCbaPoDVLY6ZfrioTYdYxyFCV.', NULL, NULL, NULL, NULL, 1, '2021-02-09 23:26:52', '2020-02-09 23:26:52', '1', NULL, NULL);
INSERT INTO `OSS_USER` VALUES ('1256158916379676673', '27910111', 'smallBird', '$2a$10$RJb0Y4wyyCoZw8FdY41coO3MomrA9ls8U2BzHwNQq6UOZQYXScn/q', '13552681425', '1941283174@qq.com', NULL, NULL, 1, '2021-05-01 09:49:59', '2020-05-01 09:49:59', '1', '2020-05-09 15:44:20', NULL);
INSERT INTO `OSS_USER` VALUES ('1256968282137714690', '61934312', '李利光', '$2a$10$uxvG6GHrScCKAIK4N.q50ekmT5Qwwhz58JhyTpifxDMZlHHDD0mw2', NULL, NULL, NULL, NULL, 1, '2021-05-03 23:26:06', '2020-05-03 23:26:06', '1', NULL, NULL);
INSERT INTO `OSS_USER` VALUES ('1256968282209017858', '33045712', '吴三桂', '$2a$10$iQscCO9YfLiS2FLJIFNs.OV.f/IFUi1Cf2AwHGi1Lr6wqmmGzvDqi', NULL, NULL, NULL, NULL, 1, '2021-05-03 23:26:06', '2020-05-03 23:26:06', '1', NULL, NULL);
INSERT INTO `OSS_USER` VALUES ('1256968282225795073', '74991212', '张大炮', '$2a$10$xSBXRRx9QsQFI4WhR0iE0u.4rb43FVJ.OGKoSIf/RYitirC8fj2E.', NULL, NULL, NULL, NULL, 1, '2021-05-03 23:26:06', '2020-05-03 23:26:06', '1', NULL, NULL);
INSERT INTO `OSS_USER` VALUES ('1258236309533626370', '14719115', NULL, '$2a$10$CalahnMfDU6l7/kUxT/OmeC1T6t5W4zW.vdN77ochgTmwxk1iEMPK', NULL, '1125492440@qq.com', NULL, NULL, 1, '2021-05-07 03:24:48', '2020-05-07 03:24:48', '1', NULL, NULL);
INSERT INTO `OSS_USER` VALUES ('1258377256380665858', '40922216', '文武', '$2a$10$f9YabxaMocq41KmiqmkUs.onj02R6HiC6VlB/z0vgmdnH4qs8stM6', '13556917676', '1909963659@qq.com', NULL, NULL, 1, '2021-05-07 12:44:52', '2020-05-07 12:44:52', '1', '2020-05-09 15:05:03', NULL);
INSERT INTO `OSS_USER` VALUES ('1258635348406177794', '71345017', '帅宏', '$2a$10$Nrfd5e5nN8q1ISF7qlQag.ynVNwznRR05I.MH2QlKv083tKynjxZy', NULL, '973308320@qq.com', NULL, NULL, 1, '2021-05-08 05:50:26', '2020-05-08 05:50:26', '1', NULL, NULL);
INSERT INTO `OSS_USER` VALUES ('1258640051105959938', '52911418', '李天布', '$2a$10$IoRZ9rs.ToWjZyJiLXfCd./G5YP1SVqm4SPYp0o/A3WReFsZuDkEe', '13711851555', '13711851555@163.com', NULL, NULL, 1, '2021-05-08 06:09:07', '2020-05-08 06:09:07', '1', NULL, NULL);
INSERT INTO `OSS_USER` VALUES ('1258648781084168194', '17179719', '李手打', '$2a$10$UYR.TVrB0MlVDMVVW.Lkp.Ce24pf/dB9XuTP7U37Vhv41wA7CWdLq', NULL, NULL, NULL, NULL, 1, '2021-05-08 06:43:48', '2020-05-08 06:43:49', '1', NULL, NULL);
INSERT INTO `OSS_USER` VALUES ('1258648781159665665', '65460719', '吴甜', '$2a$10$hQ7hXsH/rRkLaPph2q.lU.fgDocu0twj7PEWtEFdcn641z/XwK03u', NULL, NULL, NULL, NULL, 1, '2021-05-08 06:43:48', '2020-05-08 06:43:49', '1', NULL, NULL);
INSERT INTO `OSS_USER` VALUES ('1258648781159665666', '77318119', '张啊', '$2a$10$2sfPsMOm66vKXZG8UU8AY.sAKWNn.C59szzl5cxyaId6faF6QbhXm', NULL, NULL, NULL, NULL, 1, '2021-05-08 06:43:49', '2020-05-08 06:43:49', '1', NULL, NULL);
INSERT INTO `OSS_USER` VALUES ('1259015957414678529', '65161922', '陈小希', '$2a$10$TfKkRwuRcpGyHuCEzu1gWO./L7DEDScSDm14gtRnKbha.AoSuh8jS', '13552642113', '1706646442@qq.com', NULL, NULL, 1, '2021-05-09 07:02:50', '2020-05-09 07:02:50', '1', NULL, NULL);
INSERT INTO `OSS_USER` VALUES ('1259104001207570434', '56989823', '杨幂', '$2a$10$761kOlxacqsApWeG12t46.62bT2bO4ZYywQxciFQVAUblg/I8Jb0G', NULL, NULL, NULL, NULL, 1, '2021-05-09 12:52:41', '2020-05-09 12:52:42', '1', NULL, NULL);
INSERT INTO `OSS_USER` VALUES ('1259104001207570435', '53836223', '郭麒麟', '$2a$10$1VhUyYO.kFQY8XQQ5ByxfuVDBqQU9L4sBK8ZZ0qbBn8MBNeazX/Oi', NULL, NULL, NULL, NULL, 1, '2021-05-09 12:52:41', '2020-05-09 12:52:42', '1', NULL, NULL);
INSERT INTO `OSS_USER` VALUES ('1259104001207570436', '14927323', '司丽丽', '$2a$10$Ei3NPUktylIb9Vnk8wl8der06sxtcm5qsG109Ac50sLAk3g1wBAwa', NULL, NULL, NULL, NULL, 1, '2021-05-09 12:52:42', '2020-05-09 12:52:42', '1', NULL, NULL);
INSERT INTO `OSS_USER` VALUES ('1259291230534111233', '41750326', '范闲', '$2a$10$85ZUv4QMmROGeMjpmlxnKetKxFfEwglBcdBn9oLxqP3boclAQEX1O', NULL, NULL, NULL, NULL, 1, '2021-05-10 01:16:38', '2020-05-10 01:16:41', '1', NULL, NULL);
INSERT INTO `OSS_USER` VALUES ('1259291230534111234', '21646826', '司理理', '$2a$10$Lr6oqA1rlZ0vOuF0534rMuUZixVlxPrZOm5Z3W2VvPq.ZFqep5dGK', NULL, NULL, NULL, NULL, 1, '2021-05-10 01:16:38', '2020-05-10 01:16:41', '1', NULL, NULL);
INSERT INTO `OSS_USER` VALUES ('1259291230534111235', '18853726', '林婉儿', '$2a$10$d9uaMQB/qtVZe3pjBp48De7oPYgaWu9wF26iR8iwSyzwzG2l/smx.', NULL, NULL, NULL, NULL, 1, '2021-05-10 01:16:38', '2020-05-10 01:16:41', '1', NULL, NULL);
INSERT INTO `OSS_USER` VALUES ('1259291230534111236', '69425826', '五竹', '$2a$10$eWbX1gg5bN.Xl4PHGOoRGuaEJVTQvwL/aqFNEVYWvv/W27N69t7rS', NULL, NULL, NULL, NULL, 1, '2021-05-10 01:16:38', '2020-05-10 01:16:41', '1', NULL, NULL);
INSERT INTO `OSS_USER` VALUES ('1259291230534111237', '83530026', '叶轻眉', '$2a$10$c.kcrpJDeQhOh6jlFTqar.9.kx225Pl/4cc08H3PRENrdDLLhRJ/a', NULL, NULL, NULL, NULL, 1, '2021-05-10 01:16:38', '2020-05-10 01:16:41', '1', NULL, NULL);
INSERT INTO `OSS_USER` VALUES ('1259291230534111238', '55864926', '庆帝', '$2a$10$tis/1FuD.HQyceqNfe4n/O9VizCUO/hk7L.hBfdO0e6.CYJuJlLFW', NULL, NULL, NULL, NULL, 1, '2021-05-10 01:16:38', '2020-05-10 01:16:41', '1', NULL, NULL);
INSERT INTO `OSS_USER` VALUES ('1259291230534111239', '12759726', '陈萍萍', '$2a$10$15MDM4tZPIcRoBwH6fYuE.GPgLJZ5yl0QPc.MTIkbHkAg/p3VtUqe', NULL, NULL, NULL, NULL, 1, '2021-05-10 01:16:38', '2020-05-10 01:16:41', '1', NULL, NULL);
INSERT INTO `OSS_USER` VALUES ('1259291230534111240', '88540526', '林若甫', '$2a$10$NjFJbzS.z2zsUeZlhvllgOYLhev6AzWxcYRsYu3WtNEMAMShNLqAa', NULL, NULL, NULL, NULL, 1, '2021-05-10 01:16:39', '2020-05-10 01:16:41', '1', NULL, NULL);
INSERT INTO `OSS_USER` VALUES ('1259291230534111241', '91489226', '范若若', '$2a$10$wSSos0fgHm6h7jDwtmfWMOvarFV0p4joKdgECYZZszWg5nzJZy4ta', NULL, NULL, NULL, NULL, 1, '2021-05-10 01:16:39', '2020-05-10 01:16:41', '1', NULL, NULL);
INSERT INTO `OSS_USER` VALUES ('1259291230576054274', '86788726', '费介', '$2a$10$Jqj0Sd5hEKCZDX5ViZZ0tODUS/5zpy6uOIFUMcQtzqe/mzD0Sw9.O', NULL, NULL, NULL, NULL, 1, '2021-05-10 01:16:39', '2020-05-10 01:16:41', '1', NULL, NULL);
INSERT INTO `OSS_USER` VALUES ('1259291230576054275', '31210226', '柳思思', '$2a$10$Q73bdFqOHHZ4PYHCl3z2reCqjjZIgO1L0FHtRZ1vogvhzZ/wHlLrC', NULL, NULL, NULL, NULL, 1, '2021-05-10 01:16:39', '2020-05-10 01:16:41', '1', NULL, NULL);
INSERT INTO `OSS_USER` VALUES ('1259291230576054276', '54613126', '海棠朵朵', '$2a$10$DXaBySrSOiB1FGbuG4qLPunISBerlmoPv.J03G7fSD56XPHTs294e', NULL, NULL, NULL, NULL, 1, '2021-05-10 01:16:39', '2020-05-10 01:16:41', '1', NULL, NULL);
INSERT INTO `OSS_USER` VALUES ('1259291230576054277', '38347726', '战豆豆', '$2a$10$l26HZsw7bS4Vn0XudRIqq.t41N20TEwox6hFdakYdl6XZe.bmc0Pm', NULL, NULL, NULL, NULL, 1, '2021-05-10 01:16:39', '2020-05-10 01:16:41', '1', NULL, NULL);
INSERT INTO `OSS_USER` VALUES ('1259291230576054278', '63590126', '四顾剑', '$2a$10$f3VrC/FKKiqItk42c1FF/uhu2wlNTuyWTbWsO2zb0BJbgDf5e3dh.', NULL, NULL, NULL, NULL, 1, '2021-05-10 01:16:39', '2020-05-10 01:16:41', '1', NULL, NULL);
INSERT INTO `OSS_USER` VALUES ('1259291230576054279', '37370126', '苦荷', '$2a$10$8D3TrJ.8nr8hCD0/Cs10IuA09f6.GvmsJXXabS6CkWVkB/Pu1V4Um', NULL, NULL, NULL, NULL, 1, '2021-05-10 01:16:40', '2020-05-10 01:16:41', '1', NULL, NULL);
INSERT INTO `OSS_USER` VALUES ('1259291230576054280', '16428426', '叶流云', '$2a$10$jMUnkkDI9TQtH2MiYtZKJeYWKaHE10GAQ.2GmJ4GmrkHRBHb4YqIm', NULL, NULL, NULL, NULL, 1, '2021-05-10 01:16:40', '2020-05-10 01:16:41', '1', NULL, NULL);
INSERT INTO `OSS_USER` VALUES ('1259291230576054281', '14462426', '李云睿', '$2a$10$YrJtpKNM.3hJ8mnSNug5DONrpyVK3kyyuxtr7SWLwb/rQMOw10Esa', NULL, NULL, NULL, NULL, 1, '2021-05-10 01:16:40', '2020-05-10 01:16:41', '1', NULL, NULL);
INSERT INTO `OSS_USER` VALUES ('1259291230622191617', '50389026', '言冰云', '$2a$10$o4Oue0RE8Q43KZH7uRehIu354rHMI7PbmiDxVbQIGkJZYbuupGX0.', NULL, NULL, NULL, NULL, 1, '2021-05-10 01:16:40', '2020-05-10 01:16:41', '1', NULL, NULL);
INSERT INTO `OSS_USER` VALUES ('1259291230622191618', '67152326', '王启年', '$2a$10$6PP/W.VSr/rDvd/9CyGfUOm87jdiXSKAOy6KiTyPeETg4keY7ACK6', NULL, NULL, NULL, NULL, 1, '2021-05-10 01:16:40', '2020-05-10 01:16:41', '1', NULL, NULL);
INSERT INTO `OSS_USER` VALUES ('1259291230622191619', '62060726', '邓子越', '$2a$10$YMdDUsa3vejGMFFrU4r6WO833VtjrQh8zqasKpRwF2I1BZ/CiUjNC', NULL, NULL, NULL, NULL, 1, '2021-05-10 01:16:41', '2020-05-10 01:16:41', '1', NULL, NULL);
COMMIT;

-- ----------------------------
-- Table structure for OSS_USER_ROLE
-- ----------------------------
DROP TABLE IF EXISTS `OSS_USER_ROLE`;
CREATE TABLE `OSS_USER_ROLE` (
  `USER_AND_ROLE_ID` varchar(50) COLLATE utf8_bin NOT NULL COMMENT '主键ID',
  `USER_ID` varchar(50) COLLATE utf8_bin NOT NULL COMMENT '用户id',
  `ROLE_ID` varchar(50) COLLATE utf8_bin NOT NULL COMMENT '角色id',
  `CREATE_TIME` datetime NOT NULL COMMENT '创建时间',
  `CREATE_PERSON` varchar(50) COLLATE utf8_bin NOT NULL COMMENT '创建人',
  PRIMARY KEY (`USER_AND_ROLE_ID`) USING BTREE,
  KEY `OSS_USER_ROLE_USER_ID` (`USER_ID`),
  KEY `OSS_USER_ROLE_ROLE_ID` (`ROLE_ID`),
  CONSTRAINT `OSS_USER_ROLE_ROLE_ID` FOREIGN KEY (`ROLE_ID`) REFERENCES `OSS_ROLE` (`ROLE_ID`) ON DELETE CASCADE ON UPDATE CASCADE,
  CONSTRAINT `OSS_USER_ROLE_USER_ID` FOREIGN KEY (`USER_ID`) REFERENCES `OSS_USER` (`USER_ID`) ON DELETE CASCADE ON UPDATE CASCADE
) ENGINE=InnoDB DEFAULT CHARSET=utf8 COLLATE=utf8_bin COMMENT='用户角色关系表';

-- ----------------------------
-- Records of OSS_USER_ROLE
-- ----------------------------
BEGIN;
INSERT INTO `OSS_USER_ROLE` VALUES ('1', '1', '1', '2019-11-10 12:06:03', '1');
INSERT INTO `OSS_USER_ROLE` VALUES ('1225768204731691009', '1225768204119322625', '3', '2020-02-07 21:08:08', '1225768204119322625');
INSERT INTO `OSS_USER_ROLE` VALUES ('1225769012302983169', '1225769011682226178', '3', '2020-02-07 21:11:21', '1225769011682226178');
INSERT INTO `OSS_USER_ROLE` VALUES ('1226046391801925633', '1226046389771882498', '5', '2020-02-08 15:33:33', '1');
INSERT INTO `OSS_USER_ROLE` VALUES ('1226046391814508546', '1226046389843185665', '5', '2020-02-08 15:33:33', '1');
INSERT INTO `OSS_USER_ROLE` VALUES ('1226046391818702849', '1226046389847379969', '5', '2020-02-08 15:33:33', '1');
INSERT INTO `OSS_USER_ROLE` VALUES ('1226046391822897153', '1226046389855768578', '5', '2020-02-08 15:33:33', '1');
INSERT INTO `OSS_USER_ROLE` VALUES ('1226525386398007298', '1226525357927071746', '5', '2020-02-09 23:16:55', '1');
INSERT INTO `OSS_USER_ROLE` VALUES ('1226525386494476289', '1226525357973209090', '5', '2020-02-09 23:16:55', '1');
INSERT INTO `OSS_USER_ROLE` VALUES ('1226527897242599426', '1226527893153153026', '5', '2020-02-09 23:26:53', '1');
INSERT INTO `OSS_USER_ROLE` VALUES ('1226527897267765250', '1226527893169930241', '5', '2020-02-09 23:26:53', '1');
INSERT INTO `OSS_USER_ROLE` VALUES ('1256158916815884290', '1256158916379676673', '5', '2020-05-01 09:49:59', '1256158916379676673');
INSERT INTO `OSS_USER_ROLE` VALUES ('1256968284482330626', '1256968282137714690', '5', '2020-05-03 23:26:07', '1');
INSERT INTO `OSS_USER_ROLE` VALUES ('1256968284843040769', '1256968282209017858', '5', '2020-05-03 23:26:07', '1');
INSERT INTO `OSS_USER_ROLE` VALUES ('1256968284847235074', '1256968282225795073', '5', '2020-05-03 23:26:07', '1');
INSERT INTO `OSS_USER_ROLE` VALUES ('1258236309923696641', '1258236309533626370', '5', '2020-05-07 03:24:48', '1258236309533626370');
INSERT INTO `OSS_USER_ROLE` VALUES ('1258377256636518401', '1258377256380665858', '5', '2020-05-07 12:44:52', '1258377256380665858');
INSERT INTO `OSS_USER_ROLE` VALUES ('1258635348771082242', '1258635348406177794', '5', '2020-05-08 05:50:26', '1258635348406177794');
INSERT INTO `OSS_USER_ROLE` VALUES ('1258640051349229570', '1258640051105959938', '3', '2020-05-08 06:09:07', '1258640051105959938');
INSERT INTO `OSS_USER_ROLE` VALUES ('1258648781793005570', '1258648781084168194', '5', '2020-05-08 06:43:49', '1');
INSERT INTO `OSS_USER_ROLE` VALUES ('1258648781830754305', '1258648781159665665', '5', '2020-05-08 06:43:49', '1');
INSERT INTO `OSS_USER_ROLE` VALUES ('1258648781830754306', '1258648781159665666', '5', '2020-05-08 06:43:49', '1');
INSERT INTO `OSS_USER_ROLE` VALUES ('1259015957670531073', '1259015957414678529', '3', '2020-05-09 07:02:50', '1259015957414678529');
INSERT INTO `OSS_USER_ROLE` VALUES ('1259104001740247042', '1259104001207570434', '5', '2020-05-09 12:52:42', '1');
INSERT INTO `OSS_USER_ROLE` VALUES ('1259104001740247043', '1259104001207570435', '5', '2020-05-09 12:52:42', '1');
INSERT INTO `OSS_USER_ROLE` VALUES ('1259104001740247044', '1259104001207570436', '5', '2020-05-09 12:52:42', '1');
INSERT INTO `OSS_USER_ROLE` VALUES ('1259291233386237954', '1259291230534111233', '5', '2020-05-10 01:16:41', '1');
INSERT INTO `OSS_USER_ROLE` VALUES ('1259291233507872769', '1259291230534111234', '5', '2020-05-10 01:16:41', '1');
INSERT INTO `OSS_USER_ROLE` VALUES ('1259291233507872770', '1259291230534111235', '5', '2020-05-10 01:16:41', '1');
INSERT INTO `OSS_USER_ROLE` VALUES ('1259291233507872771', '1259291230534111236', '5', '2020-05-10 01:16:41', '1');
INSERT INTO `OSS_USER_ROLE` VALUES ('1259291233507872772', '1259291230534111237', '5', '2020-05-10 01:16:41', '1');
INSERT INTO `OSS_USER_ROLE` VALUES ('1259291233507872773', '1259291230534111238', '5', '2020-05-10 01:16:41', '1');
INSERT INTO `OSS_USER_ROLE` VALUES ('1259291233507872774', '1259291230534111239', '5', '2020-05-10 01:16:41', '1');
INSERT INTO `OSS_USER_ROLE` VALUES ('1259291233507872775', '1259291230534111240', '5', '2020-05-10 01:16:41', '1');
INSERT INTO `OSS_USER_ROLE` VALUES ('1259291233507872776', '1259291230534111241', '5', '2020-05-10 01:16:41', '1');
INSERT INTO `OSS_USER_ROLE` VALUES ('1259291233507872777', '1259291230576054274', '5', '2020-05-10 01:16:41', '1');
INSERT INTO `OSS_USER_ROLE` VALUES ('1259291233507872778', '1259291230576054275', '5', '2020-05-10 01:16:41', '1');
INSERT INTO `OSS_USER_ROLE` VALUES ('1259291233507872779', '1259291230576054276', '5', '2020-05-10 01:16:41', '1');
INSERT INTO `OSS_USER_ROLE` VALUES ('1259291233507872780', '1259291230576054277', '5', '2020-05-10 01:16:41', '1');
INSERT INTO `OSS_USER_ROLE` VALUES ('1259291233507872781', '1259291230576054278', '5', '2020-05-10 01:16:41', '1');
INSERT INTO `OSS_USER_ROLE` VALUES ('1259291233507872782', '1259291230576054279', '5', '2020-05-10 01:16:41', '1');
INSERT INTO `OSS_USER_ROLE` VALUES ('1259291233507872783', '1259291230576054280', '5', '2020-05-10 01:16:41', '1');
INSERT INTO `OSS_USER_ROLE` VALUES ('1259291233507872784', '1259291230576054281', '5', '2020-05-10 01:16:41', '1');
INSERT INTO `OSS_USER_ROLE` VALUES ('1259291233507872785', '1259291230622191617', '5', '2020-05-10 01:16:41', '1');
INSERT INTO `OSS_USER_ROLE` VALUES ('1259291233507872786', '1259291230622191618', '5', '2020-05-10 01:16:41', '1');
INSERT INTO `OSS_USER_ROLE` VALUES ('1259291233507872787', '1259291230622191619', '5', '2020-05-10 01:16:41', '1');
INSERT INTO `OSS_USER_ROLE` VALUES ('2', '1', '2', '2019-11-10 12:06:12', '1');
COMMIT;

-- ----------------------------
-- Table structure for TEST
-- ----------------------------
DROP TABLE IF EXISTS `TEST`;
CREATE TABLE `TEST` (
  `TEST_ID` varchar(32) COLLATE utf8_bin NOT NULL COMMENT '主键',
  `TEST_NAME` varchar(255) COLLATE utf8_bin DEFAULT NULL COMMENT '名称',
  `TEST_CONTENT` varchar(32) COLLATE utf8_bin DEFAULT NULL COMMENT '内容',
  `CREATE_DATE` datetime DEFAULT NULL COMMENT '创建日期',
  `CREATE_PERSON` varchar(255) COLLATE utf8_bin DEFAULT NULL COMMENT '创建人',
  `UPDATE_DATE` datetime DEFAULT NULL COMMENT '更新日期',
  `UPDATE_PERSON` datetime DEFAULT NULL COMMENT '更新人',
  PRIMARY KEY (`TEST_ID`)
) ENGINE=InnoDB DEFAULT CHARSET=utf8 COLLATE=utf8_bin COMMENT='测试';

-- ----------------------------
-- Records of TEST
-- ----------------------------
BEGIN;
INSERT INTO `TEST` VALUES ('1242003629481783298', '22222', '11111', NULL, NULL, NULL, NULL);
INSERT INTO `TEST` VALUES ('1242005120145813506', '22222', '11111', NULL, NULL, NULL, NULL);
INSERT INTO `TEST` VALUES ('1242008139520299010', '22222', '11111', NULL, NULL, NULL, NULL);
INSERT INTO `TEST` VALUES ('1242009980912029697', '22222', '11111', NULL, NULL, NULL, NULL);
INSERT INTO `TEST` VALUES ('1242010422035369986', '22222', '11111', NULL, NULL, NULL, NULL);
INSERT INTO `TEST` VALUES ('1242852065710043137', '测试Hmily分布式事务', '11111', NULL, NULL, NULL, NULL);
INSERT INTO `TEST` VALUES ('1242855276797767682', '测试Hmily分布式事务', '11111', NULL, NULL, NULL, NULL);
INSERT INTO `TEST` VALUES ('2', '23', '34234', '2020-03-23 15:36:44', NULL, NULL, NULL);
INSERT INTO `TEST` VALUES ('3', '234', '2234', '2020-03-17 15:54:43', NULL, NULL, NULL);
COMMIT;

-- ----------------------------
-- Table structure for TOOL_MESSAGE
-- ----------------------------
DROP TABLE IF EXISTS `TOOL_MESSAGE`;
CREATE TABLE `TOOL_MESSAGE` (
  `MESSAGE_ID` varchar(32) COLLATE utf8_bin NOT NULL COMMENT '消息主键',
  `TEXT` varchar(2000) COLLATE utf8_bin DEFAULT NULL COMMENT '消息内容',
  `MESSAGE_TIME` datetime DEFAULT NULL COMMENT '消息时间',
  `MESSAGE_TYPE` varchar(20) COLLATE utf8_bin DEFAULT NULL COMMENT '消息类型(SYSTEM 为系统消息 业务主键可以为空)',
  `BUSINESS_ID` varchar(32) COLLATE utf8_bin DEFAULT NULL COMMENT '业务主键',
  `SEND_USER_ID` varchar(32) COLLATE utf8_bin DEFAULT NULL COMMENT '发送人',
  `CREATE_TIME` datetime DEFAULT NULL COMMENT '创建时间',
  `CREATE_NAME` varchar(50) COLLATE utf8_bin DEFAULT NULL COMMENT '创建人',
  `UPDATE_NAME` datetime DEFAULT NULL COMMENT '修改人',
  `UPDATE_TIME` datetime DEFAULT NULL COMMENT '修改时间',
  `DELETE_FLAG` char(1) COLLATE utf8_bin DEFAULT NULL COMMENT '删除标志1是0否',
  `DELETE_NAME` varchar(50) COLLATE utf8_bin DEFAULT NULL COMMENT '删除人',
  `DELETE_TIME` datetime DEFAULT NULL COMMENT '删除时间',
  PRIMARY KEY (`MESSAGE_ID`)
) ENGINE=InnoDB DEFAULT CHARSET=utf8 COLLATE=utf8_bin COMMENT='消息详情表';

-- ----------------------------
-- Records of TOOL_MESSAGE
-- ----------------------------
BEGIN;
INSERT INTO `TOOL_MESSAGE` VALUES ('023e7561919411ea83960242ac120005', 'ilove 有 ', '2020-05-09 01:25:47', NULL, NULL, NULL, NULL, NULL, NULL, NULL, NULL, NULL, NULL);
INSERT INTO `TOOL_MESSAGE` VALUES ('06809f0f91eb11ea83960242ac120005', NULL, '2020-05-09 11:48:40', NULL, NULL, NULL, NULL, NULL, NULL, NULL, NULL, NULL, NULL);
INSERT INTO `TOOL_MESSAGE` VALUES ('085e67c5915011ea83960242ac120005', 'binguo', '2020-05-08 17:19:11', NULL, NULL, NULL, NULL, NULL, NULL, NULL, NULL, NULL, NULL);
INSERT INTO `TOOL_MESSAGE` VALUES ('13931dc28da111ea83960242ac120005', 'ilove 有 ', NULL, NULL, NULL, NULL, NULL, NULL, NULL, NULL, NULL, NULL, NULL);
INSERT INTO `TOOL_MESSAGE` VALUES ('1484c44b918911ea83960242ac120005', 'binguo', '2020-05-09 00:07:33', NULL, NULL, NULL, NULL, NULL, NULL, NULL, NULL, NULL, NULL);
INSERT INTO `TOOL_MESSAGE` VALUES ('15c4d1c891e811ea83960242ac120005', NULL, '2020-05-09 11:27:37', NULL, NULL, NULL, NULL, NULL, NULL, NULL, NULL, NULL, NULL);
INSERT INTO `TOOL_MESSAGE` VALUES ('16882e2e914811ea83960242ac120005', '123', '2020-05-08 16:22:19', NULL, NULL, NULL, NULL, NULL, NULL, NULL, NULL, NULL, NULL);
INSERT INTO `TOOL_MESSAGE` VALUES ('18938ba4910e11ea83960242ac120005', '{\"createTime\":1588930009984,\"createUser\":\"1\",\"schoolUserId\":\"1258689807031308290\",\"type\":\"2\",\"userId\":\"1\"}', '2020-05-08 09:27:12', NULL, 'SCHOOL_USER', NULL, NULL, NULL, NULL, NULL, NULL, NULL, NULL);
INSERT INTO `TOOL_MESSAGE` VALUES ('1d4d6d8b914611ea83960242ac120005', '123', '2020-05-09 00:08:05', NULL, NULL, NULL, NULL, NULL, NULL, NULL, NULL, NULL, NULL);
INSERT INTO `TOOL_MESSAGE` VALUES ('235a5f29918811ea83960242ac120005', 'binguo', '2020-05-09 00:00:48', NULL, NULL, NULL, NULL, NULL, NULL, NULL, NULL, NULL, NULL);
INSERT INTO `TOOL_MESSAGE` VALUES ('3bc1016c91e911ea83960242ac120005', NULL, '2020-05-09 11:35:50', NULL, NULL, NULL, NULL, NULL, NULL, NULL, NULL, NULL, NULL);
INSERT INTO `TOOL_MESSAGE` VALUES ('3d289530918a11ea83960242ac120005', 'binguo', '2020-05-09 00:15:51', NULL, NULL, NULL, NULL, NULL, NULL, NULL, NULL, NULL, NULL);
INSERT INTO `TOOL_MESSAGE` VALUES ('42d26a26920211ea83960242ac120005', 'ilove 有 ', '2020-05-09 14:35:00', NULL, NULL, NULL, NULL, NULL, NULL, NULL, NULL, NULL, NULL);
INSERT INTO `TOOL_MESSAGE` VALUES ('43a4ce12919411ea83960242ac120005', 'ilove 有 ', '2020-05-09 01:27:36', NULL, NULL, NULL, NULL, NULL, NULL, NULL, NULL, NULL, NULL);
INSERT INTO `TOOL_MESSAGE` VALUES ('498a38b8920211ea83960242ac120005', 'ilove 有 ', '2020-05-09 14:35:11', NULL, NULL, NULL, NULL, NULL, NULL, NULL, NULL, NULL, NULL);
INSERT INTO `TOOL_MESSAGE` VALUES ('4f7b81f4920211ea83960242ac120005', 'ilove 有 ', '2020-05-09 14:35:21', NULL, NULL, NULL, NULL, NULL, NULL, NULL, NULL, NULL, NULL);
INSERT INTO `TOOL_MESSAGE` VALUES ('59ced3df919411ea83960242ac120005', 'ilove 有 ', '2020-05-09 01:28:14', NULL, NULL, NULL, NULL, NULL, NULL, NULL, NULL, NULL, NULL);
INSERT INTO `TOOL_MESSAGE` VALUES ('6bff33ee918a11ea83960242ac120005', '我就试一试', '2020-05-09 00:17:09', NULL, NULL, NULL, NULL, NULL, NULL, NULL, NULL, NULL, NULL);
INSERT INTO `TOOL_MESSAGE` VALUES ('70df357b914811ea83960242ac120005', '123', '2020-05-09 00:24:32', NULL, NULL, NULL, NULL, NULL, NULL, NULL, NULL, NULL, NULL);
INSERT INTO `TOOL_MESSAGE` VALUES ('70fdeda5918711ea83960242ac120005', '123', '2020-05-08 23:55:49', NULL, NULL, NULL, NULL, NULL, NULL, NULL, NULL, NULL, NULL);
INSERT INTO `TOOL_MESSAGE` VALUES ('71f54d788da011ea83960242ac120005', 'ilove 有 ', NULL, NULL, NULL, NULL, NULL, NULL, NULL, NULL, NULL, NULL, NULL);
INSERT INTO `TOOL_MESSAGE` VALUES ('74f0d92291e611ea83960242ac120005', NULL, '2020-05-09 11:15:58', NULL, NULL, NULL, NULL, NULL, NULL, NULL, NULL, NULL, NULL);
INSERT INTO `TOOL_MESSAGE` VALUES ('7ab2e90d8da211ea83960242ac120005', 'ilove 有 ', '2020-05-04 08:59:17', NULL, NULL, NULL, NULL, NULL, NULL, NULL, NULL, NULL, NULL);
INSERT INTO `TOOL_MESSAGE` VALUES ('7daf5b27919411ea83960242ac120005', 'ilove 有 ', '2020-05-09 01:29:14', NULL, NULL, NULL, NULL, NULL, NULL, NULL, NULL, NULL, NULL);
INSERT INTO `TOOL_MESSAGE` VALUES ('7f11508f919411ea83960242ac120005', 'ilove 有 ', '2020-05-09 01:29:16', NULL, NULL, NULL, NULL, NULL, NULL, NULL, NULL, NULL, NULL);
INSERT INTO `TOOL_MESSAGE` VALUES ('80433474919411ea83960242ac120005', 'ilove 有 ', '2020-05-09 01:29:18', NULL, NULL, NULL, NULL, NULL, NULL, NULL, NULL, NULL, NULL);
INSERT INTO `TOOL_MESSAGE` VALUES ('82c4fedc918911ea83960242ac120005', 'binguo', '2020-05-09 00:10:38', NULL, NULL, NULL, NULL, NULL, NULL, NULL, NULL, NULL, NULL);
INSERT INTO `TOOL_MESSAGE` VALUES ('89adfc998da211ea83960242ac120005', 'ilove 有 ', '2020-05-04 08:59:42', NULL, NULL, NULL, NULL, NULL, NULL, NULL, NULL, NULL, NULL);
INSERT INTO `TOOL_MESSAGE` VALUES ('8c57d69c918811ea83960242ac120005', 'binguo', '2020-05-09 00:03:44', NULL, NULL, NULL, NULL, NULL, NULL, NULL, NULL, NULL, NULL);
INSERT INTO `TOOL_MESSAGE` VALUES ('954513208da011ea83960242ac120005', 'ilove 有 ', NULL, NULL, NULL, NULL, NULL, NULL, NULL, NULL, NULL, NULL, NULL);
INSERT INTO `TOOL_MESSAGE` VALUES ('9bbb69de918a11ea83960242ac120005', '我就试一试', '2020-05-09 00:18:29', NULL, NULL, NULL, NULL, NULL, NULL, NULL, NULL, NULL, NULL);
INSERT INTO `TOOL_MESSAGE` VALUES ('9ed5b41d91e711ea83960242ac120005', NULL, '2020-05-09 11:24:18', NULL, NULL, NULL, NULL, NULL, NULL, NULL, NULL, NULL, NULL);
INSERT INTO `TOOL_MESSAGE` VALUES ('a1abd70091e711ea83960242ac120005', NULL, '2020-05-09 11:24:22', NULL, NULL, NULL, NULL, NULL, NULL, NULL, NULL, NULL, NULL);
INSERT INTO `TOOL_MESSAGE` VALUES ('a25655af91e611ea83960242ac120005', NULL, '2020-05-09 11:17:14', NULL, NULL, NULL, NULL, NULL, NULL, NULL, NULL, NULL, NULL);
INSERT INTO `TOOL_MESSAGE` VALUES ('a696756a91e711ea83960242ac120005', NULL, '2020-05-09 11:24:31', NULL, NULL, NULL, NULL, NULL, NULL, NULL, NULL, NULL, NULL);
INSERT INTO `TOOL_MESSAGE` VALUES ('a8084fe5918911ea83960242ac120005', '我是文武over', '2020-05-09 00:11:40', NULL, NULL, NULL, NULL, NULL, NULL, NULL, NULL, NULL, NULL);
INSERT INTO `TOOL_MESSAGE` VALUES ('b4655c2f91e711ea83960242ac120005', NULL, '2020-05-09 11:24:54', NULL, NULL, NULL, NULL, NULL, NULL, NULL, NULL, NULL, NULL);
INSERT INTO `TOOL_MESSAGE` VALUES ('c23f294991d711ea83960242ac120005', 'binguo', '2020-05-09 09:30:45', NULL, NULL, NULL, NULL, NULL, NULL, NULL, NULL, NULL, NULL);
INSERT INTO `TOOL_MESSAGE` VALUES ('c3722f95920611ea83960242ac120005', NULL, '2020-05-09 15:07:13', NULL, NULL, NULL, NULL, NULL, NULL, NULL, NULL, NULL, NULL);
INSERT INTO `TOOL_MESSAGE` VALUES ('c45f6e73918911ea83960242ac120005', 'binguo', '2020-05-09 00:12:28', NULL, NULL, NULL, NULL, NULL, NULL, NULL, NULL, NULL, NULL);
INSERT INTO `TOOL_MESSAGE` VALUES ('c8c0246f8da011ea83960242ac120005', 'ilove 有 ', NULL, NULL, NULL, NULL, NULL, NULL, NULL, NULL, NULL, NULL, NULL);
INSERT INTO `TOOL_MESSAGE` VALUES ('cabca621918911ea83960242ac120005', 'binguo', '2020-05-09 00:12:39', NULL, NULL, NULL, NULL, NULL, NULL, NULL, NULL, NULL, NULL);
INSERT INTO `TOOL_MESSAGE` VALUES ('d30a05fe91f011ea83960242ac120005', NULL, '2020-05-09 12:30:11', NULL, NULL, NULL, NULL, NULL, NULL, NULL, NULL, NULL, NULL);
INSERT INTO `TOOL_MESSAGE` VALUES ('d502f41f91d711ea83960242ac120005', 'binguo', '2020-05-09 09:31:17', NULL, NULL, NULL, NULL, NULL, NULL, NULL, NULL, NULL, NULL);
INSERT INTO `TOOL_MESSAGE` VALUES ('d769227d925911ea83960242ac120005', NULL, '2020-05-10 01:01:55', NULL, NULL, NULL, NULL, NULL, NULL, NULL, NULL, NULL, NULL);
INSERT INTO `TOOL_MESSAGE` VALUES ('db84d433918811ea83960242ac120005', 'binguo', '2020-05-09 00:05:57', NULL, NULL, NULL, NULL, NULL, NULL, NULL, NULL, NULL, NULL);
INSERT INTO `TOOL_MESSAGE` VALUES ('e215a340918811ea83960242ac120005', 'binguo', '2020-05-09 00:06:08', NULL, NULL, NULL, NULL, NULL, NULL, NULL, NULL, NULL, NULL);
INSERT INTO `TOOL_MESSAGE` VALUES ('e489f5e6920c11ea83960242ac120005', NULL, '2020-05-09 15:51:06', NULL, NULL, NULL, NULL, NULL, NULL, NULL, NULL, NULL, NULL);
INSERT INTO `TOOL_MESSAGE` VALUES ('ec083cf7918a11ea83960242ac120005', '我就试一试', '2020-05-09 00:20:44', NULL, NULL, NULL, NULL, NULL, NULL, NULL, NULL, NULL, NULL);
INSERT INTO `TOOL_MESSAGE` VALUES ('f10339f4914711ea83960242ac120005', '123', '2020-05-08 16:21:16', NULL, NULL, NULL, NULL, NULL, NULL, NULL, NULL, NULL, NULL);
INSERT INTO `TOOL_MESSAGE` VALUES ('fb6058b3919311ea83960242ac120005', 'ilove 有 ', '2020-05-09 01:25:35', NULL, NULL, NULL, NULL, NULL, NULL, NULL, NULL, NULL, NULL);
COMMIT;

-- ----------------------------
-- Table structure for TOOL_MESSAGE_USER
-- ----------------------------
DROP TABLE IF EXISTS `TOOL_MESSAGE_USER`;
CREATE TABLE `TOOL_MESSAGE_USER` (
  `MESSAGE_USER_ID` varchar(36) COLLATE utf8_bin NOT NULL COMMENT '消息用户主键',
  `MESSAGE_ID` varchar(36) COLLATE utf8_bin DEFAULT NULL COMMENT '消息主键',
  `USER_ID` varchar(36) COLLATE utf8_bin DEFAULT NULL COMMENT '用户主键',
  `IS_READ` tinyint(1) DEFAULT NULL COMMENT '0：否，1：是',
  `IS_SEND` tinyint(1) DEFAULT NULL COMMENT '是否推送',
  `CREATE_TIME` datetime DEFAULT NULL COMMENT '创建时间',
  `CREATE_NAME` varchar(255) COLLATE utf8_bin DEFAULT NULL COMMENT '创建人',
  `UPDATE_NAME` datetime DEFAULT NULL COMMENT '修改人',
  `UPDATE_TIME` datetime DEFAULT NULL COMMENT '修改时间',
  `DELETE_FLAG` varchar(1) COLLATE utf8_bin DEFAULT '0' COMMENT '删除标志1是0否',
  `DELETE_NAME` varchar(50) COLLATE utf8_bin DEFAULT NULL COMMENT '删除人',
  `DELETE_TIME` datetime DEFAULT NULL COMMENT '删除时间',
  PRIMARY KEY (`MESSAGE_USER_ID`)
) ENGINE=InnoDB DEFAULT CHARSET=utf8 COLLATE=utf8_bin COMMENT='消息用户表';

-- ----------------------------
-- Records of TOOL_MESSAGE_USER
-- ----------------------------
BEGIN;
INSERT INTO `TOOL_MESSAGE_USER` VALUES ('02441af8919411ea83960242ac120005', '023e7561919411ea83960242ac120005', '10', 0, 1, NULL, NULL, NULL, NULL, '0', NULL, NULL);
INSERT INTO `TOOL_MESSAGE_USER` VALUES ('0248d5b0919411ea83960242ac120005', '023e7561919411ea83960242ac120005', '11', 0, 0, NULL, NULL, NULL, NULL, '0', NULL, NULL);
INSERT INTO `TOOL_MESSAGE_USER` VALUES ('0681afe891eb11ea83960242ac120005', '06809f0f91eb11ea83960242ac120005', '1', 0, 0, NULL, NULL, NULL, NULL, '0', NULL, NULL);
INSERT INTO `TOOL_MESSAGE_USER` VALUES ('0682171891eb11ea83960242ac120005', '06809f0f91eb11ea83960242ac120005', '1225768204119322625', 0, 0, NULL, NULL, NULL, NULL, '0', NULL, NULL);
INSERT INTO `TOOL_MESSAGE_USER` VALUES ('0682abc991eb11ea83960242ac120005', '06809f0f91eb11ea83960242ac120005', '1225769011682226178', 0, 0, NULL, NULL, NULL, NULL, '0', NULL, NULL);
INSERT INTO `TOOL_MESSAGE_USER` VALUES ('0682f65e91eb11ea83960242ac120005', '06809f0f91eb11ea83960242ac120005', '1226046389771882498', 0, 0, NULL, NULL, NULL, NULL, '0', NULL, NULL);
INSERT INTO `TOOL_MESSAGE_USER` VALUES ('0683645791eb11ea83960242ac120005', '06809f0f91eb11ea83960242ac120005', '1226046389843185665', 0, 0, NULL, NULL, NULL, NULL, '0', NULL, NULL);
INSERT INTO `TOOL_MESSAGE_USER` VALUES ('0683aa2991eb11ea83960242ac120005', '06809f0f91eb11ea83960242ac120005', '1226046389847379969', 0, 0, NULL, NULL, NULL, NULL, '0', NULL, NULL);
INSERT INTO `TOOL_MESSAGE_USER` VALUES ('06840b7f91eb11ea83960242ac120005', '06809f0f91eb11ea83960242ac120005', '1226046389855768578', 0, 0, NULL, NULL, NULL, NULL, '0', NULL, NULL);
INSERT INTO `TOOL_MESSAGE_USER` VALUES ('068468f891eb11ea83960242ac120005', '06809f0f91eb11ea83960242ac120005', '1226525357927071746', 0, 0, NULL, NULL, NULL, NULL, '0', NULL, NULL);
INSERT INTO `TOOL_MESSAGE_USER` VALUES ('0684a69691eb11ea83960242ac120005', '06809f0f91eb11ea83960242ac120005', '1226525357973209090', 0, 0, NULL, NULL, NULL, NULL, '0', NULL, NULL);
INSERT INTO `TOOL_MESSAGE_USER` VALUES ('0685072391eb11ea83960242ac120005', '06809f0f91eb11ea83960242ac120005', '1226527893153153026', 0, 0, NULL, NULL, NULL, NULL, '0', NULL, NULL);
INSERT INTO `TOOL_MESSAGE_USER` VALUES ('068587fa91eb11ea83960242ac120005', '06809f0f91eb11ea83960242ac120005', '1226527893169930241', 0, 0, NULL, NULL, NULL, NULL, '0', NULL, NULL);
INSERT INTO `TOOL_MESSAGE_USER` VALUES ('0686195e91eb11ea83960242ac120005', '06809f0f91eb11ea83960242ac120005', '1256968282137714690', 0, 0, NULL, NULL, NULL, NULL, '0', NULL, NULL);
INSERT INTO `TOOL_MESSAGE_USER` VALUES ('06865ea291eb11ea83960242ac120005', '06809f0f91eb11ea83960242ac120005', '1256968282209017858', 0, 0, NULL, NULL, NULL, NULL, '0', NULL, NULL);
INSERT INTO `TOOL_MESSAGE_USER` VALUES ('0686a5dc91eb11ea83960242ac120005', '06809f0f91eb11ea83960242ac120005', '1256968282225795073', 0, 0, NULL, NULL, NULL, NULL, '0', NULL, NULL);
INSERT INTO `TOOL_MESSAGE_USER` VALUES ('0686eb6d91eb11ea83960242ac120005', '06809f0f91eb11ea83960242ac120005', '1258236309533626370', 0, 0, NULL, NULL, NULL, NULL, '0', NULL, NULL);
INSERT INTO `TOOL_MESSAGE_USER` VALUES ('06874e9b91eb11ea83960242ac120005', '06809f0f91eb11ea83960242ac120005', '1258377256380665858', 0, 1, NULL, NULL, NULL, NULL, '0', NULL, NULL);
INSERT INTO `TOOL_MESSAGE_USER` VALUES ('0687a87691eb11ea83960242ac120005', '06809f0f91eb11ea83960242ac120005', '1258635348406177794', 0, 0, NULL, NULL, NULL, NULL, '0', NULL, NULL);
INSERT INTO `TOOL_MESSAGE_USER` VALUES ('0688f21591eb11ea83960242ac120005', '06809f0f91eb11ea83960242ac120005', '1258640051105959938', 0, 0, NULL, NULL, NULL, NULL, '0', NULL, NULL);
INSERT INTO `TOOL_MESSAGE_USER` VALUES ('068aeb4391eb11ea83960242ac120005', '06809f0f91eb11ea83960242ac120005', '1258648781084168194', 0, 0, NULL, NULL, NULL, NULL, '0', NULL, NULL);
INSERT INTO `TOOL_MESSAGE_USER` VALUES ('068b499991eb11ea83960242ac120005', '06809f0f91eb11ea83960242ac120005', '1258648781159665665', 0, 0, NULL, NULL, NULL, NULL, '0', NULL, NULL);
INSERT INTO `TOOL_MESSAGE_USER` VALUES ('068bcb5a91eb11ea83960242ac120005', '06809f0f91eb11ea83960242ac120005', '1258648781159665666', 0, 0, NULL, NULL, NULL, NULL, '0', NULL, NULL);
INSERT INTO `TOOL_MESSAGE_USER` VALUES ('068c176a91eb11ea83960242ac120005', '06809f0f91eb11ea83960242ac120005', '1259015957414678529', 0, 0, NULL, NULL, NULL, NULL, '0', NULL, NULL);
INSERT INTO `TOOL_MESSAGE_USER` VALUES ('08631e37915011ea83960242ac120005', '085e67c5915011ea83960242ac120005', '1', 0, 0, NULL, NULL, NULL, NULL, '0', NULL, NULL);
INSERT INTO `TOOL_MESSAGE_USER` VALUES ('0866913a915011ea83960242ac120005', '085e67c5915011ea83960242ac120005', '1225768204119322625', 0, 0, NULL, NULL, NULL, NULL, '0', NULL, NULL);
INSERT INTO `TOOL_MESSAGE_USER` VALUES ('0867133f915011ea83960242ac120005', '085e67c5915011ea83960242ac120005', '1225769011682226178', 0, 0, NULL, NULL, NULL, NULL, '0', NULL, NULL);
INSERT INTO `TOOL_MESSAGE_USER` VALUES ('0867d060915011ea83960242ac120005', '085e67c5915011ea83960242ac120005', '1226046389771882498', 0, 0, NULL, NULL, NULL, NULL, '0', NULL, NULL);
INSERT INTO `TOOL_MESSAGE_USER` VALUES ('0869b029915011ea83960242ac120005', '085e67c5915011ea83960242ac120005', '1226046389843185665', 0, 0, NULL, NULL, NULL, NULL, '0', NULL, NULL);
INSERT INTO `TOOL_MESSAGE_USER` VALUES ('086e1bfa915011ea83960242ac120005', '085e67c5915011ea83960242ac120005', '1226046389847379969', 0, 0, NULL, NULL, NULL, NULL, '0', NULL, NULL);
INSERT INTO `TOOL_MESSAGE_USER` VALUES ('08713a23915011ea83960242ac120005', '085e67c5915011ea83960242ac120005', '1226046389855768578', 0, 1, NULL, NULL, NULL, NULL, '0', NULL, NULL);
INSERT INTO `TOOL_MESSAGE_USER` VALUES ('0872163c915011ea83960242ac120005', '085e67c5915011ea83960242ac120005', '1226525357927071746', 0, 0, NULL, NULL, NULL, NULL, '0', NULL, NULL);
INSERT INTO `TOOL_MESSAGE_USER` VALUES ('08729586915011ea83960242ac120005', '085e67c5915011ea83960242ac120005', '1226525357973209090', 0, 0, NULL, NULL, NULL, NULL, '0', NULL, NULL);
INSERT INTO `TOOL_MESSAGE_USER` VALUES ('0874c8a8915011ea83960242ac120005', '085e67c5915011ea83960242ac120005', '1226527893153153026', 0, 0, NULL, NULL, NULL, NULL, '0', NULL, NULL);
INSERT INTO `TOOL_MESSAGE_USER` VALUES ('08788122915011ea83960242ac120005', '085e67c5915011ea83960242ac120005', '1226527893169930241', 0, 0, NULL, NULL, NULL, NULL, '0', NULL, NULL);
INSERT INTO `TOOL_MESSAGE_USER` VALUES ('087d8656915011ea83960242ac120005', '085e67c5915011ea83960242ac120005', '1256968282137714690', 0, 0, NULL, NULL, NULL, NULL, '0', NULL, NULL);
INSERT INTO `TOOL_MESSAGE_USER` VALUES ('08817fd3915011ea83960242ac120005', '085e67c5915011ea83960242ac120005', '1256968282209017858', 0, 0, NULL, NULL, NULL, NULL, '0', NULL, NULL);
INSERT INTO `TOOL_MESSAGE_USER` VALUES ('08863c49915011ea83960242ac120005', '085e67c5915011ea83960242ac120005', '1256968282225795073', 0, 0, NULL, NULL, NULL, NULL, '0', NULL, NULL);
INSERT INTO `TOOL_MESSAGE_USER` VALUES ('088a648e915011ea83960242ac120005', '085e67c5915011ea83960242ac120005', '1258236309533626370', 0, 0, NULL, NULL, NULL, NULL, '0', NULL, NULL);
INSERT INTO `TOOL_MESSAGE_USER` VALUES ('088b22d8915011ea83960242ac120005', '085e67c5915011ea83960242ac120005', '1258377256380665858', 0, 1, NULL, NULL, NULL, NULL, '0', NULL, NULL);
INSERT INTO `TOOL_MESSAGE_USER` VALUES ('088bfed8915011ea83960242ac120005', '085e67c5915011ea83960242ac120005', '1258635348406177794', 0, 0, NULL, NULL, NULL, NULL, '0', NULL, NULL);
INSERT INTO `TOOL_MESSAGE_USER` VALUES ('088cb4ac915011ea83960242ac120005', '085e67c5915011ea83960242ac120005', '1258640051105959938', 0, 0, NULL, NULL, NULL, NULL, '0', NULL, NULL);
INSERT INTO `TOOL_MESSAGE_USER` VALUES ('088df2b5915011ea83960242ac120005', '085e67c5915011ea83960242ac120005', '1258648781084168194', 0, 0, NULL, NULL, NULL, NULL, '0', NULL, NULL);
INSERT INTO `TOOL_MESSAGE_USER` VALUES ('088e7375915011ea83960242ac120005', '085e67c5915011ea83960242ac120005', '1258648781159665665', 0, 0, NULL, NULL, NULL, NULL, '0', NULL, NULL);
INSERT INTO `TOOL_MESSAGE_USER` VALUES ('088f0498915011ea83960242ac120005', '085e67c5915011ea83960242ac120005', '1258648781159665666', 0, 0, NULL, NULL, NULL, NULL, '0', NULL, NULL);
INSERT INTO `TOOL_MESSAGE_USER` VALUES ('13aa45bf8da111ea83960242ac120005', '13931dc28da111ea83960242ac120005', '10', 0, 1, NULL, NULL, NULL, NULL, '0', NULL, NULL);
INSERT INTO `TOOL_MESSAGE_USER` VALUES ('14853b77918911ea83960242ac120005', '1484c44b918911ea83960242ac120005', '1', 0, 0, NULL, NULL, NULL, NULL, '0', NULL, NULL);
INSERT INTO `TOOL_MESSAGE_USER` VALUES ('1485a38a918911ea83960242ac120005', '1484c44b918911ea83960242ac120005', '1225768204119322625', 0, 0, NULL, NULL, NULL, NULL, '0', NULL, NULL);
INSERT INTO `TOOL_MESSAGE_USER` VALUES ('1486be11918911ea83960242ac120005', '1484c44b918911ea83960242ac120005', '1225769011682226178', 0, 0, NULL, NULL, NULL, NULL, '0', NULL, NULL);
INSERT INTO `TOOL_MESSAGE_USER` VALUES ('148744a1918911ea83960242ac120005', '1484c44b918911ea83960242ac120005', '1226046389771882498', 0, 0, NULL, NULL, NULL, NULL, '0', NULL, NULL);
INSERT INTO `TOOL_MESSAGE_USER` VALUES ('14882259918911ea83960242ac120005', '1484c44b918911ea83960242ac120005', '1226046389843185665', 0, 0, NULL, NULL, NULL, NULL, '0', NULL, NULL);
INSERT INTO `TOOL_MESSAGE_USER` VALUES ('1489ad16918911ea83960242ac120005', '1484c44b918911ea83960242ac120005', '1226046389847379969', 0, 0, NULL, NULL, NULL, NULL, '0', NULL, NULL);
INSERT INTO `TOOL_MESSAGE_USER` VALUES ('148a20a9918911ea83960242ac120005', '1484c44b918911ea83960242ac120005', '1226046389855768578', 0, 1, NULL, NULL, NULL, NULL, '0', NULL, NULL);
INSERT INTO `TOOL_MESSAGE_USER` VALUES ('148a8618918911ea83960242ac120005', '1484c44b918911ea83960242ac120005', '1226525357927071746', 0, 0, NULL, NULL, NULL, NULL, '0', NULL, NULL);
INSERT INTO `TOOL_MESSAGE_USER` VALUES ('148aee88918911ea83960242ac120005', '1484c44b918911ea83960242ac120005', '1226525357973209090', 0, 0, NULL, NULL, NULL, NULL, '0', NULL, NULL);
INSERT INTO `TOOL_MESSAGE_USER` VALUES ('148b53e0918911ea83960242ac120005', '1484c44b918911ea83960242ac120005', '1226527893153153026', 0, 0, NULL, NULL, NULL, NULL, '0', NULL, NULL);
INSERT INTO `TOOL_MESSAGE_USER` VALUES ('148bc18b918911ea83960242ac120005', '1484c44b918911ea83960242ac120005', '1226527893169930241', 0, 0, NULL, NULL, NULL, NULL, '0', NULL, NULL);
INSERT INTO `TOOL_MESSAGE_USER` VALUES ('148c050e918911ea83960242ac120005', '1484c44b918911ea83960242ac120005', '1256968282137714690', 0, 0, NULL, NULL, NULL, NULL, '0', NULL, NULL);
INSERT INTO `TOOL_MESSAGE_USER` VALUES ('148c63b2918911ea83960242ac120005', '1484c44b918911ea83960242ac120005', '1256968282209017858', 0, 0, NULL, NULL, NULL, NULL, '0', NULL, NULL);
INSERT INTO `TOOL_MESSAGE_USER` VALUES ('148d5b43918911ea83960242ac120005', '1484c44b918911ea83960242ac120005', '1256968282225795073', 0, 0, NULL, NULL, NULL, NULL, '0', NULL, NULL);
INSERT INTO `TOOL_MESSAGE_USER` VALUES ('148e1b10918911ea83960242ac120005', '1484c44b918911ea83960242ac120005', '1258236309533626370', 0, 0, NULL, NULL, NULL, NULL, '0', NULL, NULL);
INSERT INTO `TOOL_MESSAGE_USER` VALUES ('148ed9f8918911ea83960242ac120005', '1484c44b918911ea83960242ac120005', '1258377256380665858', 0, 1, NULL, NULL, NULL, NULL, '0', NULL, NULL);
INSERT INTO `TOOL_MESSAGE_USER` VALUES ('148f2d12918911ea83960242ac120005', '1484c44b918911ea83960242ac120005', '1258635348406177794', 0, 0, NULL, NULL, NULL, NULL, '0', NULL, NULL);
INSERT INTO `TOOL_MESSAGE_USER` VALUES ('148fa394918911ea83960242ac120005', '1484c44b918911ea83960242ac120005', '1258640051105959938', 0, 0, NULL, NULL, NULL, NULL, '0', NULL, NULL);
INSERT INTO `TOOL_MESSAGE_USER` VALUES ('14902457918911ea83960242ac120005', '1484c44b918911ea83960242ac120005', '1258648781084168194', 0, 0, NULL, NULL, NULL, NULL, '0', NULL, NULL);
INSERT INTO `TOOL_MESSAGE_USER` VALUES ('1490777a918911ea83960242ac120005', '1484c44b918911ea83960242ac120005', '1258648781159665665', 0, 0, NULL, NULL, NULL, NULL, '0', NULL, NULL);
INSERT INTO `TOOL_MESSAGE_USER` VALUES ('1490bae5918911ea83960242ac120005', '1484c44b918911ea83960242ac120005', '1258648781159665666', 0, 0, NULL, NULL, NULL, NULL, '0', NULL, NULL);
INSERT INTO `TOOL_MESSAGE_USER` VALUES ('15c5376191e811ea83960242ac120005', '15c4d1c891e811ea83960242ac120005', '1', 0, 0, NULL, NULL, NULL, NULL, '0', NULL, NULL);
INSERT INTO `TOOL_MESSAGE_USER` VALUES ('15c5e66491e811ea83960242ac120005', '15c4d1c891e811ea83960242ac120005', '1225768204119322625', 0, 0, NULL, NULL, NULL, NULL, '0', NULL, NULL);
INSERT INTO `TOOL_MESSAGE_USER` VALUES ('15c7c00691e811ea83960242ac120005', '15c4d1c891e811ea83960242ac120005', '1225769011682226178', 0, 0, NULL, NULL, NULL, NULL, '0', NULL, NULL);
INSERT INTO `TOOL_MESSAGE_USER` VALUES ('15c8101591e811ea83960242ac120005', '15c4d1c891e811ea83960242ac120005', '1226046389771882498', 0, 0, NULL, NULL, NULL, NULL, '0', NULL, NULL);
INSERT INTO `TOOL_MESSAGE_USER` VALUES ('15c9442691e811ea83960242ac120005', '15c4d1c891e811ea83960242ac120005', '1226046389843185665', 0, 0, NULL, NULL, NULL, NULL, '0', NULL, NULL);
INSERT INTO `TOOL_MESSAGE_USER` VALUES ('15c9c68b91e811ea83960242ac120005', '15c4d1c891e811ea83960242ac120005', '1226046389847379969', 0, 0, NULL, NULL, NULL, NULL, '0', NULL, NULL);
INSERT INTO `TOOL_MESSAGE_USER` VALUES ('15cac95891e811ea83960242ac120005', '15c4d1c891e811ea83960242ac120005', '1226046389855768578', 0, 0, NULL, NULL, NULL, NULL, '0', NULL, NULL);
INSERT INTO `TOOL_MESSAGE_USER` VALUES ('15cbf3c591e811ea83960242ac120005', '15c4d1c891e811ea83960242ac120005', '1226525357927071746', 0, 0, NULL, NULL, NULL, NULL, '0', NULL, NULL);
INSERT INTO `TOOL_MESSAGE_USER` VALUES ('15cc47c491e811ea83960242ac120005', '15c4d1c891e811ea83960242ac120005', '1226525357973209090', 0, 0, NULL, NULL, NULL, NULL, '0', NULL, NULL);
INSERT INTO `TOOL_MESSAGE_USER` VALUES ('15cc988891e811ea83960242ac120005', '15c4d1c891e811ea83960242ac120005', '1226527893153153026', 0, 0, NULL, NULL, NULL, NULL, '0', NULL, NULL);
INSERT INTO `TOOL_MESSAGE_USER` VALUES ('15cceb0c91e811ea83960242ac120005', '15c4d1c891e811ea83960242ac120005', '1226527893169930241', 0, 0, NULL, NULL, NULL, NULL, '0', NULL, NULL);
INSERT INTO `TOOL_MESSAGE_USER` VALUES ('15cd366491e811ea83960242ac120005', '15c4d1c891e811ea83960242ac120005', '1256968282137714690', 0, 0, NULL, NULL, NULL, NULL, '0', NULL, NULL);
INSERT INTO `TOOL_MESSAGE_USER` VALUES ('15d0a2b591e811ea83960242ac120005', '15c4d1c891e811ea83960242ac120005', '1256968282209017858', 0, 0, NULL, NULL, NULL, NULL, '0', NULL, NULL);
INSERT INTO `TOOL_MESSAGE_USER` VALUES ('15d47c3e91e811ea83960242ac120005', '15c4d1c891e811ea83960242ac120005', '1256968282225795073', 0, 0, NULL, NULL, NULL, NULL, '0', NULL, NULL);
INSERT INTO `TOOL_MESSAGE_USER` VALUES ('15d541cb91e811ea83960242ac120005', '15c4d1c891e811ea83960242ac120005', '1258236309533626370', 0, 0, NULL, NULL, NULL, NULL, '0', NULL, NULL);
INSERT INTO `TOOL_MESSAGE_USER` VALUES ('15d5be0b91e811ea83960242ac120005', '15c4d1c891e811ea83960242ac120005', '1258377256380665858', 0, 1, NULL, NULL, NULL, NULL, '0', NULL, NULL);
INSERT INTO `TOOL_MESSAGE_USER` VALUES ('15d66c1191e811ea83960242ac120005', '15c4d1c891e811ea83960242ac120005', '1258635348406177794', 0, 0, NULL, NULL, NULL, NULL, '0', NULL, NULL);
INSERT INTO `TOOL_MESSAGE_USER` VALUES ('15d715d491e811ea83960242ac120005', '15c4d1c891e811ea83960242ac120005', '1258640051105959938', 0, 0, NULL, NULL, NULL, NULL, '0', NULL, NULL);
INSERT INTO `TOOL_MESSAGE_USER` VALUES ('15d7f23891e811ea83960242ac120005', '15c4d1c891e811ea83960242ac120005', '1258648781084168194', 0, 0, NULL, NULL, NULL, NULL, '0', NULL, NULL);
INSERT INTO `TOOL_MESSAGE_USER` VALUES ('15d84f4591e811ea83960242ac120005', '15c4d1c891e811ea83960242ac120005', '1258648781159665665', 0, 0, NULL, NULL, NULL, NULL, '0', NULL, NULL);
INSERT INTO `TOOL_MESSAGE_USER` VALUES ('15d8b78091e811ea83960242ac120005', '15c4d1c891e811ea83960242ac120005', '1258648781159665666', 0, 0, NULL, NULL, NULL, NULL, '0', NULL, NULL);
INSERT INTO `TOOL_MESSAGE_USER` VALUES ('15d93fe991e811ea83960242ac120005', '15c4d1c891e811ea83960242ac120005', '1259015957414678529', 0, 0, NULL, NULL, NULL, NULL, '0', NULL, NULL);
INSERT INTO `TOOL_MESSAGE_USER` VALUES ('168a11e2914811ea83960242ac120005', '16882e2e914811ea83960242ac120005', '1', 0, 0, NULL, NULL, NULL, NULL, '0', NULL, NULL);
INSERT INTO `TOOL_MESSAGE_USER` VALUES ('168d5856914811ea83960242ac120005', '16882e2e914811ea83960242ac120005', '1225769011682226178', 0, 0, NULL, NULL, NULL, NULL, '0', NULL, NULL);
INSERT INTO `TOOL_MESSAGE_USER` VALUES ('16928b05914811ea83960242ac120005', '16882e2e914811ea83960242ac120005', '1226046389771882498', 0, 0, NULL, NULL, NULL, NULL, '0', NULL, NULL);
INSERT INTO `TOOL_MESSAGE_USER` VALUES ('1696ce34914811ea83960242ac120005', '16882e2e914811ea83960242ac120005', '1226046389843185665', 0, 0, NULL, NULL, NULL, NULL, '0', NULL, NULL);
INSERT INTO `TOOL_MESSAGE_USER` VALUES ('169bd8d3914811ea83960242ac120005', '16882e2e914811ea83960242ac120005', '1226046389847379969', 0, 0, NULL, NULL, NULL, NULL, '0', NULL, NULL);
INSERT INTO `TOOL_MESSAGE_USER` VALUES ('16a0e50a914811ea83960242ac120005', '16882e2e914811ea83960242ac120005', '1226046389855768578', 0, 1, NULL, NULL, NULL, NULL, '0', NULL, NULL);
INSERT INTO `TOOL_MESSAGE_USER` VALUES ('16a41680914811ea83960242ac120005', '16882e2e914811ea83960242ac120005', '1226525357927071746', 0, 0, NULL, NULL, NULL, NULL, '0', NULL, NULL);
INSERT INTO `TOOL_MESSAGE_USER` VALUES ('16a83e16914811ea83960242ac120005', '16882e2e914811ea83960242ac120005', '1226525357973209090', 0, 0, NULL, NULL, NULL, NULL, '0', NULL, NULL);
INSERT INTO `TOOL_MESSAGE_USER` VALUES ('16aaf17e914811ea83960242ac120005', '16882e2e914811ea83960242ac120005', '1226527893153153026', 0, 0, NULL, NULL, NULL, NULL, '0', NULL, NULL);
INSERT INTO `TOOL_MESSAGE_USER` VALUES ('16b07068914811ea83960242ac120005', '16882e2e914811ea83960242ac120005', '1226527893169930241', 0, 0, NULL, NULL, NULL, NULL, '0', NULL, NULL);
INSERT INTO `TOOL_MESSAGE_USER` VALUES ('16b57c4e914811ea83960242ac120005', '16882e2e914811ea83960242ac120005', '1256158916379676673', 0, 1, NULL, NULL, NULL, NULL, '0', NULL, NULL);
INSERT INTO `TOOL_MESSAGE_USER` VALUES ('16b9e60f914811ea83960242ac120005', '16882e2e914811ea83960242ac120005', '1256968282137714690', 0, 0, NULL, NULL, NULL, NULL, '0', NULL, NULL);
INSERT INTO `TOOL_MESSAGE_USER` VALUES ('16bf4237914811ea83960242ac120005', '16882e2e914811ea83960242ac120005', '1256968282209017858', 0, 0, NULL, NULL, NULL, NULL, '0', NULL, NULL);
INSERT INTO `TOOL_MESSAGE_USER` VALUES ('16c50cbd914811ea83960242ac120005', '16882e2e914811ea83960242ac120005', '1256968282225795073', 0, 0, NULL, NULL, NULL, NULL, '0', NULL, NULL);
INSERT INTO `TOOL_MESSAGE_USER` VALUES ('16c97a54914811ea83960242ac120005', '16882e2e914811ea83960242ac120005', '1258236309533626370', 0, 0, NULL, NULL, NULL, NULL, '0', NULL, NULL);
INSERT INTO `TOOL_MESSAGE_USER` VALUES ('16cef6e8914811ea83960242ac120005', '16882e2e914811ea83960242ac120005', '1258377256380665858', 0, 1, NULL, NULL, NULL, NULL, '0', NULL, NULL);
INSERT INTO `TOOL_MESSAGE_USER` VALUES ('16d49c51914811ea83960242ac120005', '16882e2e914811ea83960242ac120005', '1258635348406177794', 0, 0, NULL, NULL, NULL, NULL, '0', NULL, NULL);
INSERT INTO `TOOL_MESSAGE_USER` VALUES ('16d90650914811ea83960242ac120005', '16882e2e914811ea83960242ac120005', '1258640051105959938', 0, 0, NULL, NULL, NULL, NULL, '0', NULL, NULL);
INSERT INTO `TOOL_MESSAGE_USER` VALUES ('16de5ff7914811ea83960242ac120005', '16882e2e914811ea83960242ac120005', '1258648781084168194', 0, 0, NULL, NULL, NULL, NULL, '0', NULL, NULL);
INSERT INTO `TOOL_MESSAGE_USER` VALUES ('16e42cc4914811ea83960242ac120005', '16882e2e914811ea83960242ac120005', '1258648781159665665', 0, 0, NULL, NULL, NULL, NULL, '0', NULL, NULL);
INSERT INTO `TOOL_MESSAGE_USER` VALUES ('16e8989b914811ea83960242ac120005', '16882e2e914811ea83960242ac120005', '1258648781159665666', 0, 0, NULL, NULL, NULL, NULL, '0', NULL, NULL);
INSERT INTO `TOOL_MESSAGE_USER` VALUES ('18955cbb910e11ea83960242ac120005', '18938ba4910e11ea83960242ac120005', '1225768204119322625', 0, 0, NULL, NULL, NULL, NULL, '0', NULL, NULL);
INSERT INTO `TOOL_MESSAGE_USER` VALUES ('1d62de35914611ea83960242ac120005', '1d4d6d8b914611ea83960242ac120005', '1225768204119322625', 0, 0, NULL, NULL, NULL, NULL, '0', NULL, NULL);
INSERT INTO `TOOL_MESSAGE_USER` VALUES ('235d157b918811ea83960242ac120005', '235a5f29918811ea83960242ac120005', '1', 0, 0, NULL, NULL, NULL, NULL, '0', NULL, NULL);
INSERT INTO `TOOL_MESSAGE_USER` VALUES ('235da2bd918811ea83960242ac120005', '235a5f29918811ea83960242ac120005', '1225768204119322625', 0, 0, NULL, NULL, NULL, NULL, '0', NULL, NULL);
INSERT INTO `TOOL_MESSAGE_USER` VALUES ('235e067c918811ea83960242ac120005', '235a5f29918811ea83960242ac120005', '1225769011682226178', 0, 0, NULL, NULL, NULL, NULL, '0', NULL, NULL);
INSERT INTO `TOOL_MESSAGE_USER` VALUES ('235ec1fe918811ea83960242ac120005', '235a5f29918811ea83960242ac120005', '1226046389771882498', 0, 0, NULL, NULL, NULL, NULL, '0', NULL, NULL);
INSERT INTO `TOOL_MESSAGE_USER` VALUES ('235f4448918811ea83960242ac120005', '235a5f29918811ea83960242ac120005', '1226046389843185665', 0, 0, NULL, NULL, NULL, NULL, '0', NULL, NULL);
INSERT INTO `TOOL_MESSAGE_USER` VALUES ('235facdd918811ea83960242ac120005', '235a5f29918811ea83960242ac120005', '1226046389847379969', 0, 0, NULL, NULL, NULL, NULL, '0', NULL, NULL);
INSERT INTO `TOOL_MESSAGE_USER` VALUES ('23609e0f918811ea83960242ac120005', '235a5f29918811ea83960242ac120005', '1226046389855768578', 0, 1, NULL, NULL, NULL, NULL, '0', NULL, NULL);
INSERT INTO `TOOL_MESSAGE_USER` VALUES ('23655d7a918811ea83960242ac120005', '235a5f29918811ea83960242ac120005', '1226525357927071746', 0, 0, NULL, NULL, NULL, NULL, '0', NULL, NULL);
INSERT INTO `TOOL_MESSAGE_USER` VALUES ('2366435a918811ea83960242ac120005', '235a5f29918811ea83960242ac120005', '1226525357973209090', 0, 0, NULL, NULL, NULL, NULL, '0', NULL, NULL);
INSERT INTO `TOOL_MESSAGE_USER` VALUES ('23676382918811ea83960242ac120005', '235a5f29918811ea83960242ac120005', '1226527893153153026', 0, 0, NULL, NULL, NULL, NULL, '0', NULL, NULL);
INSERT INTO `TOOL_MESSAGE_USER` VALUES ('2367b915918811ea83960242ac120005', '235a5f29918811ea83960242ac120005', '1226527893169930241', 0, 0, NULL, NULL, NULL, NULL, '0', NULL, NULL);
INSERT INTO `TOOL_MESSAGE_USER` VALUES ('236810aa918811ea83960242ac120005', '235a5f29918811ea83960242ac120005', '1256968282137714690', 0, 0, NULL, NULL, NULL, NULL, '0', NULL, NULL);
INSERT INTO `TOOL_MESSAGE_USER` VALUES ('23685a91918811ea83960242ac120005', '235a5f29918811ea83960242ac120005', '1256968282209017858', 0, 0, NULL, NULL, NULL, NULL, '0', NULL, NULL);
INSERT INTO `TOOL_MESSAGE_USER` VALUES ('2368ab1c918811ea83960242ac120005', '235a5f29918811ea83960242ac120005', '1256968282225795073', 0, 0, NULL, NULL, NULL, NULL, '0', NULL, NULL);
INSERT INTO `TOOL_MESSAGE_USER` VALUES ('23691f0f918811ea83960242ac120005', '235a5f29918811ea83960242ac120005', '1258236309533626370', 0, 0, NULL, NULL, NULL, NULL, '0', NULL, NULL);
INSERT INTO `TOOL_MESSAGE_USER` VALUES ('236969e9918811ea83960242ac120005', '235a5f29918811ea83960242ac120005', '1258377256380665858', 0, 1, NULL, NULL, NULL, NULL, '0', NULL, NULL);
INSERT INTO `TOOL_MESSAGE_USER` VALUES ('236a0979918811ea83960242ac120005', '235a5f29918811ea83960242ac120005', '1258635348406177794', 0, 0, NULL, NULL, NULL, NULL, '0', NULL, NULL);
INSERT INTO `TOOL_MESSAGE_USER` VALUES ('236a7940918811ea83960242ac120005', '235a5f29918811ea83960242ac120005', '1258640051105959938', 0, 0, NULL, NULL, NULL, NULL, '0', NULL, NULL);
INSERT INTO `TOOL_MESSAGE_USER` VALUES ('236af42c918811ea83960242ac120005', '235a5f29918811ea83960242ac120005', '1258648781084168194', 0, 0, NULL, NULL, NULL, NULL, '0', NULL, NULL);
INSERT INTO `TOOL_MESSAGE_USER` VALUES ('236b4c16918811ea83960242ac120005', '235a5f29918811ea83960242ac120005', '1258648781159665665', 0, 0, NULL, NULL, NULL, NULL, '0', NULL, NULL);
INSERT INTO `TOOL_MESSAGE_USER` VALUES ('236c629e918811ea83960242ac120005', '235a5f29918811ea83960242ac120005', '1258648781159665666', 0, 0, NULL, NULL, NULL, NULL, '0', NULL, NULL);
INSERT INTO `TOOL_MESSAGE_USER` VALUES ('3bc159f591e911ea83960242ac120005', '3bc1016c91e911ea83960242ac120005', '1', 0, 0, NULL, NULL, NULL, NULL, '0', NULL, NULL);
INSERT INTO `TOOL_MESSAGE_USER` VALUES ('3bc1a92291e911ea83960242ac120005', '3bc1016c91e911ea83960242ac120005', '1225768204119322625', 0, 0, NULL, NULL, NULL, NULL, '0', NULL, NULL);
INSERT INTO `TOOL_MESSAGE_USER` VALUES ('3bc21c6791e911ea83960242ac120005', '3bc1016c91e911ea83960242ac120005', '1225769011682226178', 0, 0, NULL, NULL, NULL, NULL, '0', NULL, NULL);
INSERT INTO `TOOL_MESSAGE_USER` VALUES ('3bc2688a91e911ea83960242ac120005', '3bc1016c91e911ea83960242ac120005', '1226046389771882498', 0, 0, NULL, NULL, NULL, NULL, '0', NULL, NULL);
INSERT INTO `TOOL_MESSAGE_USER` VALUES ('3bc2ef8891e911ea83960242ac120005', '3bc1016c91e911ea83960242ac120005', '1226046389843185665', 0, 0, NULL, NULL, NULL, NULL, '0', NULL, NULL);
INSERT INTO `TOOL_MESSAGE_USER` VALUES ('3bc34b8b91e911ea83960242ac120005', '3bc1016c91e911ea83960242ac120005', '1226046389847379969', 0, 0, NULL, NULL, NULL, NULL, '0', NULL, NULL);
INSERT INTO `TOOL_MESSAGE_USER` VALUES ('3bc3d76a91e911ea83960242ac120005', '3bc1016c91e911ea83960242ac120005', '1226046389855768578', 0, 0, NULL, NULL, NULL, NULL, '0', NULL, NULL);
INSERT INTO `TOOL_MESSAGE_USER` VALUES ('3bc423d791e911ea83960242ac120005', '3bc1016c91e911ea83960242ac120005', '1226525357927071746', 0, 0, NULL, NULL, NULL, NULL, '0', NULL, NULL);
INSERT INTO `TOOL_MESSAGE_USER` VALUES ('3bc4918291e911ea83960242ac120005', '3bc1016c91e911ea83960242ac120005', '1226525357973209090', 0, 0, NULL, NULL, NULL, NULL, '0', NULL, NULL);
INSERT INTO `TOOL_MESSAGE_USER` VALUES ('3bc4f21491e911ea83960242ac120005', '3bc1016c91e911ea83960242ac120005', '1226527893153153026', 0, 0, NULL, NULL, NULL, NULL, '0', NULL, NULL);
INSERT INTO `TOOL_MESSAGE_USER` VALUES ('3bc56dba91e911ea83960242ac120005', '3bc1016c91e911ea83960242ac120005', '1226527893169930241', 0, 0, NULL, NULL, NULL, NULL, '0', NULL, NULL);
INSERT INTO `TOOL_MESSAGE_USER` VALUES ('3bc5b8e791e911ea83960242ac120005', '3bc1016c91e911ea83960242ac120005', '1256968282137714690', 0, 0, NULL, NULL, NULL, NULL, '0', NULL, NULL);
INSERT INTO `TOOL_MESSAGE_USER` VALUES ('3bc6004591e911ea83960242ac120005', '3bc1016c91e911ea83960242ac120005', '1256968282209017858', 0, 0, NULL, NULL, NULL, NULL, '0', NULL, NULL);
INSERT INTO `TOOL_MESSAGE_USER` VALUES ('3bc669ae91e911ea83960242ac120005', '3bc1016c91e911ea83960242ac120005', '1256968282225795073', 0, 0, NULL, NULL, NULL, NULL, '0', NULL, NULL);
INSERT INTO `TOOL_MESSAGE_USER` VALUES ('3bc6dfd891e911ea83960242ac120005', '3bc1016c91e911ea83960242ac120005', '1258236309533626370', 0, 0, NULL, NULL, NULL, NULL, '0', NULL, NULL);
INSERT INTO `TOOL_MESSAGE_USER` VALUES ('3bc7256b91e911ea83960242ac120005', '3bc1016c91e911ea83960242ac120005', '1258377256380665858', 0, 1, NULL, NULL, NULL, NULL, '0', NULL, NULL);
INSERT INTO `TOOL_MESSAGE_USER` VALUES ('3bc7825291e911ea83960242ac120005', '3bc1016c91e911ea83960242ac120005', '1258635348406177794', 0, 0, NULL, NULL, NULL, NULL, '0', NULL, NULL);
INSERT INTO `TOOL_MESSAGE_USER` VALUES ('3bc7df2d91e911ea83960242ac120005', '3bc1016c91e911ea83960242ac120005', '1258640051105959938', 0, 0, NULL, NULL, NULL, NULL, '0', NULL, NULL);
INSERT INTO `TOOL_MESSAGE_USER` VALUES ('3bccd1f491e911ea83960242ac120005', '3bc1016c91e911ea83960242ac120005', '1258648781084168194', 0, 0, NULL, NULL, NULL, NULL, '0', NULL, NULL);
INSERT INTO `TOOL_MESSAGE_USER` VALUES ('3bd0298191e911ea83960242ac120005', '3bc1016c91e911ea83960242ac120005', '1258648781159665665', 0, 0, NULL, NULL, NULL, NULL, '0', NULL, NULL);
INSERT INTO `TOOL_MESSAGE_USER` VALUES ('3bd3f63691e911ea83960242ac120005', '3bc1016c91e911ea83960242ac120005', '1258648781159665666', 0, 0, NULL, NULL, NULL, NULL, '0', NULL, NULL);
INSERT INTO `TOOL_MESSAGE_USER` VALUES ('3bd61ee491e911ea83960242ac120005', '3bc1016c91e911ea83960242ac120005', '1259015957414678529', 0, 0, NULL, NULL, NULL, NULL, '0', NULL, NULL);
INSERT INTO `TOOL_MESSAGE_USER` VALUES ('3d290d0b918a11ea83960242ac120005', '3d289530918a11ea83960242ac120005', '1', 0, 0, NULL, NULL, NULL, NULL, '0', NULL, NULL);
INSERT INTO `TOOL_MESSAGE_USER` VALUES ('3d295678918a11ea83960242ac120005', '3d289530918a11ea83960242ac120005', '1225768204119322625', 0, 0, NULL, NULL, NULL, NULL, '0', NULL, NULL);
INSERT INTO `TOOL_MESSAGE_USER` VALUES ('3d299108918a11ea83960242ac120005', '3d289530918a11ea83960242ac120005', '1225769011682226178', 0, 0, NULL, NULL, NULL, NULL, '0', NULL, NULL);
INSERT INTO `TOOL_MESSAGE_USER` VALUES ('3d2a3895918a11ea83960242ac120005', '3d289530918a11ea83960242ac120005', '1226046389771882498', 0, 0, NULL, NULL, NULL, NULL, '0', NULL, NULL);
INSERT INTO `TOOL_MESSAGE_USER` VALUES ('3d2a84fc918a11ea83960242ac120005', '3d289530918a11ea83960242ac120005', '1226046389843185665', 0, 0, NULL, NULL, NULL, NULL, '0', NULL, NULL);
INSERT INTO `TOOL_MESSAGE_USER` VALUES ('3d2ae3ad918a11ea83960242ac120005', '3d289530918a11ea83960242ac120005', '1226046389847379969', 0, 0, NULL, NULL, NULL, NULL, '0', NULL, NULL);
INSERT INTO `TOOL_MESSAGE_USER` VALUES ('3d2c8a7b918a11ea83960242ac120005', '3d289530918a11ea83960242ac120005', '1226046389855768578', 0, 1, NULL, NULL, NULL, NULL, '0', NULL, NULL);
INSERT INTO `TOOL_MESSAGE_USER` VALUES ('3d2cdc12918a11ea83960242ac120005', '3d289530918a11ea83960242ac120005', '1226525357927071746', 0, 0, NULL, NULL, NULL, NULL, '0', NULL, NULL);
INSERT INTO `TOOL_MESSAGE_USER` VALUES ('3d2da8b4918a11ea83960242ac120005', '3d289530918a11ea83960242ac120005', '1226525357973209090', 0, 0, NULL, NULL, NULL, NULL, '0', NULL, NULL);
INSERT INTO `TOOL_MESSAGE_USER` VALUES ('3d2e059b918a11ea83960242ac120005', '3d289530918a11ea83960242ac120005', '1226527893153153026', 0, 0, NULL, NULL, NULL, NULL, '0', NULL, NULL);
INSERT INTO `TOOL_MESSAGE_USER` VALUES ('3d2e6321918a11ea83960242ac120005', '3d289530918a11ea83960242ac120005', '1226527893169930241', 0, 0, NULL, NULL, NULL, NULL, '0', NULL, NULL);
INSERT INTO `TOOL_MESSAGE_USER` VALUES ('3d2eaef7918a11ea83960242ac120005', '3d289530918a11ea83960242ac120005', '1256968282137714690', 0, 0, NULL, NULL, NULL, NULL, '0', NULL, NULL);
INSERT INTO `TOOL_MESSAGE_USER` VALUES ('3d2f4d4b918a11ea83960242ac120005', '3d289530918a11ea83960242ac120005', '1256968282209017858', 0, 0, NULL, NULL, NULL, NULL, '0', NULL, NULL);
INSERT INTO `TOOL_MESSAGE_USER` VALUES ('3d3201c9918a11ea83960242ac120005', '3d289530918a11ea83960242ac120005', '1256968282225795073', 0, 0, NULL, NULL, NULL, NULL, '0', NULL, NULL);
INSERT INTO `TOOL_MESSAGE_USER` VALUES ('3d3606df918a11ea83960242ac120005', '3d289530918a11ea83960242ac120005', '1258236309533626370', 0, 0, NULL, NULL, NULL, NULL, '0', NULL, NULL);
INSERT INTO `TOOL_MESSAGE_USER` VALUES ('3d398795918a11ea83960242ac120005', '3d289530918a11ea83960242ac120005', '1258377256380665858', 0, 1, NULL, NULL, NULL, NULL, '0', NULL, NULL);
INSERT INTO `TOOL_MESSAGE_USER` VALUES ('3d3f7abd918a11ea83960242ac120005', '3d289530918a11ea83960242ac120005', '1258635348406177794', 0, 0, NULL, NULL, NULL, NULL, '0', NULL, NULL);
INSERT INTO `TOOL_MESSAGE_USER` VALUES ('3d439a8f918a11ea83960242ac120005', '3d289530918a11ea83960242ac120005', '1258640051105959938', 0, 0, NULL, NULL, NULL, NULL, '0', NULL, NULL);
INSERT INTO `TOOL_MESSAGE_USER` VALUES ('3d46a696918a11ea83960242ac120005', '3d289530918a11ea83960242ac120005', '1258648781084168194', 0, 0, NULL, NULL, NULL, NULL, '0', NULL, NULL);
INSERT INTO `TOOL_MESSAGE_USER` VALUES ('3d4ac628918a11ea83960242ac120005', '3d289530918a11ea83960242ac120005', '1258648781159665665', 0, 0, NULL, NULL, NULL, NULL, '0', NULL, NULL);
INSERT INTO `TOOL_MESSAGE_USER` VALUES ('3d4f3376918a11ea83960242ac120005', '3d289530918a11ea83960242ac120005', '1258648781159665666', 0, 0, NULL, NULL, NULL, NULL, '0', NULL, NULL);
INSERT INTO `TOOL_MESSAGE_USER` VALUES ('42d77262920211ea83960242ac120005', '42d26a26920211ea83960242ac120005', '10', 0, 1, NULL, NULL, NULL, NULL, '0', NULL, NULL);
INSERT INTO `TOOL_MESSAGE_USER` VALUES ('42dbdcda920211ea83960242ac120005', '42d26a26920211ea83960242ac120005', '11', 0, 0, NULL, NULL, NULL, NULL, '0', NULL, NULL);
INSERT INTO `TOOL_MESSAGE_USER` VALUES ('43a52d81919411ea83960242ac120005', '43a4ce12919411ea83960242ac120005', '10', 0, 1, NULL, NULL, NULL, NULL, '0', NULL, NULL);
INSERT INTO `TOOL_MESSAGE_USER` VALUES ('43a594b8919411ea83960242ac120005', '43a4ce12919411ea83960242ac120005', '11', 0, 0, NULL, NULL, NULL, NULL, '0', NULL, NULL);
INSERT INTO `TOOL_MESSAGE_USER` VALUES ('498a8f4f920211ea83960242ac120005', '498a38b8920211ea83960242ac120005', '10', 0, 1, NULL, NULL, NULL, NULL, '0', NULL, NULL);
INSERT INTO `TOOL_MESSAGE_USER` VALUES ('498af4dc920211ea83960242ac120005', '498a38b8920211ea83960242ac120005', '11', 0, 0, NULL, NULL, NULL, NULL, '0', NULL, NULL);
INSERT INTO `TOOL_MESSAGE_USER` VALUES ('4f7bf728920211ea83960242ac120005', '4f7b81f4920211ea83960242ac120005', '10', 0, 1, NULL, NULL, NULL, NULL, '0', NULL, NULL);
INSERT INTO `TOOL_MESSAGE_USER` VALUES ('4f7c3603920211ea83960242ac120005', '4f7b81f4920211ea83960242ac120005', '11', 0, 0, NULL, NULL, NULL, NULL, '0', NULL, NULL);
INSERT INTO `TOOL_MESSAGE_USER` VALUES ('59cf6ef2919411ea83960242ac120005', '59ced3df919411ea83960242ac120005', '10', 0, 1, NULL, NULL, NULL, NULL, '0', NULL, NULL);
INSERT INTO `TOOL_MESSAGE_USER` VALUES ('59d18f5b919411ea83960242ac120005', '59ced3df919411ea83960242ac120005', '11', 0, 0, NULL, NULL, NULL, NULL, '0', NULL, NULL);
INSERT INTO `TOOL_MESSAGE_USER` VALUES ('6bff8f1b918a11ea83960242ac120005', '6bff33ee918a11ea83960242ac120005', '1', 0, 0, NULL, NULL, NULL, NULL, '0', NULL, NULL);
INSERT INTO `TOOL_MESSAGE_USER` VALUES ('6c00daca918a11ea83960242ac120005', '6bff33ee918a11ea83960242ac120005', '1225768204119322625', 0, 0, NULL, NULL, NULL, NULL, '0', NULL, NULL);
INSERT INTO `TOOL_MESSAGE_USER` VALUES ('6c01207a918a11ea83960242ac120005', '6bff33ee918a11ea83960242ac120005', '1225769011682226178', 0, 0, NULL, NULL, NULL, NULL, '0', NULL, NULL);
INSERT INTO `TOOL_MESSAGE_USER` VALUES ('6c0169b1918a11ea83960242ac120005', '6bff33ee918a11ea83960242ac120005', '1226046389771882498', 0, 0, NULL, NULL, NULL, NULL, '0', NULL, NULL);
INSERT INTO `TOOL_MESSAGE_USER` VALUES ('6c029167918a11ea83960242ac120005', '6bff33ee918a11ea83960242ac120005', '1226046389843185665', 0, 0, NULL, NULL, NULL, NULL, '0', NULL, NULL);
INSERT INTO `TOOL_MESSAGE_USER` VALUES ('6c02f67f918a11ea83960242ac120005', '6bff33ee918a11ea83960242ac120005', '1226046389847379969', 0, 0, NULL, NULL, NULL, NULL, '0', NULL, NULL);
INSERT INTO `TOOL_MESSAGE_USER` VALUES ('6c03428f918a11ea83960242ac120005', '6bff33ee918a11ea83960242ac120005', '1226046389855768578', 0, 1, NULL, NULL, NULL, NULL, '0', NULL, NULL);
INSERT INTO `TOOL_MESSAGE_USER` VALUES ('6c03928c918a11ea83960242ac120005', '6bff33ee918a11ea83960242ac120005', '1226525357927071746', 0, 0, NULL, NULL, NULL, NULL, '0', NULL, NULL);
INSERT INTO `TOOL_MESSAGE_USER` VALUES ('6c03e735918a11ea83960242ac120005', '6bff33ee918a11ea83960242ac120005', '1226525357973209090', 0, 0, NULL, NULL, NULL, NULL, '0', NULL, NULL);
INSERT INTO `TOOL_MESSAGE_USER` VALUES ('6c0443a1918a11ea83960242ac120005', '6bff33ee918a11ea83960242ac120005', '1226527893153153026', 0, 0, NULL, NULL, NULL, NULL, '0', NULL, NULL);
INSERT INTO `TOOL_MESSAGE_USER` VALUES ('6c049113918a11ea83960242ac120005', '6bff33ee918a11ea83960242ac120005', '1226527893169930241', 0, 0, NULL, NULL, NULL, NULL, '0', NULL, NULL);
INSERT INTO `TOOL_MESSAGE_USER` VALUES ('6c04d161918a11ea83960242ac120005', '6bff33ee918a11ea83960242ac120005', '1256968282137714690', 0, 0, NULL, NULL, NULL, NULL, '0', NULL, NULL);
INSERT INTO `TOOL_MESSAGE_USER` VALUES ('6c051a26918a11ea83960242ac120005', '6bff33ee918a11ea83960242ac120005', '1256968282209017858', 0, 0, NULL, NULL, NULL, NULL, '0', NULL, NULL);
INSERT INTO `TOOL_MESSAGE_USER` VALUES ('6c088642918a11ea83960242ac120005', '6bff33ee918a11ea83960242ac120005', '1256968282225795073', 0, 0, NULL, NULL, NULL, NULL, '0', NULL, NULL);
INSERT INTO `TOOL_MESSAGE_USER` VALUES ('6c0b2da9918a11ea83960242ac120005', '6bff33ee918a11ea83960242ac120005', '1258236309533626370', 0, 0, NULL, NULL, NULL, NULL, '0', NULL, NULL);
INSERT INTO `TOOL_MESSAGE_USER` VALUES ('6c100a77918a11ea83960242ac120005', '6bff33ee918a11ea83960242ac120005', '1258377256380665858', 0, 1, NULL, NULL, NULL, NULL, '0', NULL, NULL);
INSERT INTO `TOOL_MESSAGE_USER` VALUES ('6c16082f918a11ea83960242ac120005', '6bff33ee918a11ea83960242ac120005', '1258635348406177794', 0, 0, NULL, NULL, NULL, NULL, '0', NULL, NULL);
INSERT INTO `TOOL_MESSAGE_USER` VALUES ('6c183da9918a11ea83960242ac120005', '6bff33ee918a11ea83960242ac120005', '1258640051105959938', 0, 0, NULL, NULL, NULL, NULL, '0', NULL, NULL);
INSERT INTO `TOOL_MESSAGE_USER` VALUES ('6c188a42918a11ea83960242ac120005', '6bff33ee918a11ea83960242ac120005', '1258648781084168194', 0, 0, NULL, NULL, NULL, NULL, '0', NULL, NULL);
INSERT INTO `TOOL_MESSAGE_USER` VALUES ('6c18c7b6918a11ea83960242ac120005', '6bff33ee918a11ea83960242ac120005', '1258648781159665665', 0, 0, NULL, NULL, NULL, NULL, '0', NULL, NULL);
INSERT INTO `TOOL_MESSAGE_USER` VALUES ('6c192266918a11ea83960242ac120005', '6bff33ee918a11ea83960242ac120005', '1258648781159665666', 0, 0, NULL, NULL, NULL, NULL, '0', NULL, NULL);
INSERT INTO `TOOL_MESSAGE_USER` VALUES ('70f99abc914811ea83960242ac120005', '70df357b914811ea83960242ac120005', '1', 0, 0, NULL, NULL, NULL, NULL, '0', NULL, NULL);
INSERT INTO `TOOL_MESSAGE_USER` VALUES ('70fea41b918711ea83960242ac120005', '70fdeda5918711ea83960242ac120005', '1', 0, 0, NULL, NULL, NULL, NULL, '0', NULL, NULL);
INSERT INTO `TOOL_MESSAGE_USER` VALUES ('70ff56f7918711ea83960242ac120005', '70fdeda5918711ea83960242ac120005', '1225769011682226178', 0, 0, NULL, NULL, NULL, NULL, '0', NULL, NULL);
INSERT INTO `TOOL_MESSAGE_USER` VALUES ('70ffc558918711ea83960242ac120005', '70fdeda5918711ea83960242ac120005', '1226046389771882498', 0, 0, NULL, NULL, NULL, NULL, '0', NULL, NULL);
INSERT INTO `TOOL_MESSAGE_USER` VALUES ('71001ad9918711ea83960242ac120005', '70fdeda5918711ea83960242ac120005', '1226046389843185665', 0, 0, NULL, NULL, NULL, NULL, '0', NULL, NULL);
INSERT INTO `TOOL_MESSAGE_USER` VALUES ('710112ed918711ea83960242ac120005', '70fdeda5918711ea83960242ac120005', '1226046389847379969', 0, 0, NULL, NULL, NULL, NULL, '0', NULL, NULL);
INSERT INTO `TOOL_MESSAGE_USER` VALUES ('7101af27918711ea83960242ac120005', '70fdeda5918711ea83960242ac120005', '1226046389855768578', 0, 1, NULL, NULL, NULL, NULL, '0', NULL, NULL);
INSERT INTO `TOOL_MESSAGE_USER` VALUES ('710284c9918711ea83960242ac120005', '70fdeda5918711ea83960242ac120005', '1226525357927071746', 0, 0, NULL, NULL, NULL, NULL, '0', NULL, NULL);
INSERT INTO `TOOL_MESSAGE_USER` VALUES ('71030c24918711ea83960242ac120005', '70fdeda5918711ea83960242ac120005', '1226525357973209090', 0, 0, NULL, NULL, NULL, NULL, '0', NULL, NULL);
INSERT INTO `TOOL_MESSAGE_USER` VALUES ('71042626918711ea83960242ac120005', '70fdeda5918711ea83960242ac120005', '1226527893153153026', 0, 0, NULL, NULL, NULL, NULL, '0', NULL, NULL);
INSERT INTO `TOOL_MESSAGE_USER` VALUES ('7104f21a918711ea83960242ac120005', '70fdeda5918711ea83960242ac120005', '1226527893169930241', 0, 0, NULL, NULL, NULL, NULL, '0', NULL, NULL);
INSERT INTO `TOOL_MESSAGE_USER` VALUES ('7105c2ae918711ea83960242ac120005', '70fdeda5918711ea83960242ac120005', '1256158916379676673', 0, 1, NULL, NULL, NULL, NULL, '0', NULL, NULL);
INSERT INTO `TOOL_MESSAGE_USER` VALUES ('71063ae0918711ea83960242ac120005', '70fdeda5918711ea83960242ac120005', '1256968282137714690', 0, 0, NULL, NULL, NULL, NULL, '0', NULL, NULL);
INSERT INTO `TOOL_MESSAGE_USER` VALUES ('7106b8a7918711ea83960242ac120005', '70fdeda5918711ea83960242ac120005', '1256968282209017858', 0, 0, NULL, NULL, NULL, NULL, '0', NULL, NULL);
INSERT INTO `TOOL_MESSAGE_USER` VALUES ('710703c2918711ea83960242ac120005', '70fdeda5918711ea83960242ac120005', '1256968282225795073', 0, 0, NULL, NULL, NULL, NULL, '0', NULL, NULL);
INSERT INTO `TOOL_MESSAGE_USER` VALUES ('71075aa7918711ea83960242ac120005', '70fdeda5918711ea83960242ac120005', '1258236309533626370', 0, 0, NULL, NULL, NULL, NULL, '0', NULL, NULL);
INSERT INTO `TOOL_MESSAGE_USER` VALUES ('7108758f918711ea83960242ac120005', '70fdeda5918711ea83960242ac120005', '1258377256380665858', 0, 1, NULL, NULL, NULL, NULL, '0', NULL, NULL);
INSERT INTO `TOOL_MESSAGE_USER` VALUES ('710952aa918711ea83960242ac120005', '70fdeda5918711ea83960242ac120005', '1258635348406177794', 0, 0, NULL, NULL, NULL, NULL, '0', NULL, NULL);
INSERT INTO `TOOL_MESSAGE_USER` VALUES ('7109e299918711ea83960242ac120005', '70fdeda5918711ea83960242ac120005', '1258640051105959938', 0, 0, NULL, NULL, NULL, NULL, '0', NULL, NULL);
INSERT INTO `TOOL_MESSAGE_USER` VALUES ('710a3c43918711ea83960242ac120005', '70fdeda5918711ea83960242ac120005', '1258648781084168194', 0, 0, NULL, NULL, NULL, NULL, '0', NULL, NULL);
INSERT INTO `TOOL_MESSAGE_USER` VALUES ('710ab1c5918711ea83960242ac120005', '70fdeda5918711ea83960242ac120005', '1258648781159665665', 0, 0, NULL, NULL, NULL, NULL, '0', NULL, NULL);
INSERT INTO `TOOL_MESSAGE_USER` VALUES ('710b20a1918711ea83960242ac120005', '70fdeda5918711ea83960242ac120005', '1258648781159665666', 0, 0, NULL, NULL, NULL, NULL, '0', NULL, NULL);
INSERT INTO `TOOL_MESSAGE_USER` VALUES ('711d8158914811ea83960242ac120005', '70df357b914811ea83960242ac120005', '1225769011682226178', 0, 0, NULL, NULL, NULL, NULL, '0', NULL, NULL);
INSERT INTO `TOOL_MESSAGE_USER` VALUES ('71351d64914811ea83960242ac120005', '70df357b914811ea83960242ac120005', '1226046389771882498', 0, 0, NULL, NULL, NULL, NULL, '0', NULL, NULL);
INSERT INTO `TOOL_MESSAGE_USER` VALUES ('714b02d0914811ea83960242ac120005', '70df357b914811ea83960242ac120005', '1226046389843185665', 0, 0, NULL, NULL, NULL, NULL, '0', NULL, NULL);
INSERT INTO `TOOL_MESSAGE_USER` VALUES ('7166daaf914811ea83960242ac120005', '70df357b914811ea83960242ac120005', '1226046389847379969', 0, 0, NULL, NULL, NULL, NULL, '0', NULL, NULL);
INSERT INTO `TOOL_MESSAGE_USER` VALUES ('717f3cf3914811ea83960242ac120005', '70df357b914811ea83960242ac120005', '1226046389855768578', 0, 1, NULL, NULL, NULL, NULL, '0', NULL, NULL);
INSERT INTO `TOOL_MESSAGE_USER` VALUES ('719a95f8914811ea83960242ac120005', '70df357b914811ea83960242ac120005', '1226525357927071746', 0, 0, NULL, NULL, NULL, NULL, '0', NULL, NULL);
INSERT INTO `TOOL_MESSAGE_USER` VALUES ('71b05e59914811ea83960242ac120005', '70df357b914811ea83960242ac120005', '1226525357973209090', 0, 0, NULL, NULL, NULL, NULL, '0', NULL, NULL);
INSERT INTO `TOOL_MESSAGE_USER` VALUES ('71c8338e914811ea83960242ac120005', '70df357b914811ea83960242ac120005', '1226527893153153026', 0, 0, NULL, NULL, NULL, NULL, '0', NULL, NULL);
INSERT INTO `TOOL_MESSAGE_USER` VALUES ('71dfdcb0914811ea83960242ac120005', '70df357b914811ea83960242ac120005', '1226527893169930241', 0, 0, NULL, NULL, NULL, NULL, '0', NULL, NULL);
INSERT INTO `TOOL_MESSAGE_USER` VALUES ('71f6d26d914811ea83960242ac120005', '70df357b914811ea83960242ac120005', '1256158916379676673', 0, 1, NULL, NULL, NULL, NULL, '0', NULL, NULL);
INSERT INTO `TOOL_MESSAGE_USER` VALUES ('71fddafd8da011ea83960242ac120005', '71f54d788da011ea83960242ac120005', '10', 0, 1, NULL, NULL, NULL, NULL, '0', NULL, NULL);
INSERT INTO `TOOL_MESSAGE_USER` VALUES ('720d1053914811ea83960242ac120005', '70df357b914811ea83960242ac120005', '1256968282137714690', 0, 0, NULL, NULL, NULL, NULL, '0', NULL, NULL);
INSERT INTO `TOOL_MESSAGE_USER` VALUES ('7224f365914811ea83960242ac120005', '70df357b914811ea83960242ac120005', '1256968282209017858', 0, 0, NULL, NULL, NULL, NULL, '0', NULL, NULL);
INSERT INTO `TOOL_MESSAGE_USER` VALUES ('723aeb36914811ea83960242ac120005', '70df357b914811ea83960242ac120005', '1256968282225795073', 0, 0, NULL, NULL, NULL, NULL, '0', NULL, NULL);
INSERT INTO `TOOL_MESSAGE_USER` VALUES ('7251ea0e914811ea83960242ac120005', '70df357b914811ea83960242ac120005', '1258236309533626370', 0, 0, NULL, NULL, NULL, NULL, '0', NULL, NULL);
INSERT INTO `TOOL_MESSAGE_USER` VALUES ('7268d180914811ea83960242ac120005', '70df357b914811ea83960242ac120005', '1258377256380665858', 0, 1, NULL, NULL, NULL, NULL, '0', NULL, NULL);
INSERT INTO `TOOL_MESSAGE_USER` VALUES ('72873f12914811ea83960242ac120005', '70df357b914811ea83960242ac120005', '1258635348406177794', 0, 0, NULL, NULL, NULL, NULL, '0', NULL, NULL);
INSERT INTO `TOOL_MESSAGE_USER` VALUES ('729c56bb914811ea83960242ac120005', '70df357b914811ea83960242ac120005', '1258640051105959938', 0, 0, NULL, NULL, NULL, NULL, '0', NULL, NULL);
INSERT INTO `TOOL_MESSAGE_USER` VALUES ('72b1aba4914811ea83960242ac120005', '70df357b914811ea83960242ac120005', '1258648781084168194', 0, 0, NULL, NULL, NULL, NULL, '0', NULL, NULL);
INSERT INTO `TOOL_MESSAGE_USER` VALUES ('72c79b6f914811ea83960242ac120005', '70df357b914811ea83960242ac120005', '1258648781159665665', 0, 0, NULL, NULL, NULL, NULL, '0', NULL, NULL);
INSERT INTO `TOOL_MESSAGE_USER` VALUES ('72dd5012914811ea83960242ac120005', '70df357b914811ea83960242ac120005', '1258648781159665666', 0, 0, NULL, NULL, NULL, NULL, '0', NULL, NULL);
INSERT INTO `TOOL_MESSAGE_USER` VALUES ('74f2265291e611ea83960242ac120005', '74f0d92291e611ea83960242ac120005', '1259076053784072194', 0, 0, NULL, NULL, NULL, NULL, '0', NULL, NULL);
INSERT INTO `TOOL_MESSAGE_USER` VALUES ('7acafff48da211ea83960242ac120005', '7ab2e90d8da211ea83960242ac120005', '10', 0, 1, NULL, NULL, NULL, NULL, '0', NULL, NULL);
INSERT INTO `TOOL_MESSAGE_USER` VALUES ('7adff24d8da211ea83960242ac120005', '7ab2e90d8da211ea83960242ac120005', '11', 0, 0, NULL, NULL, NULL, NULL, '0', NULL, NULL);
INSERT INTO `TOOL_MESSAGE_USER` VALUES ('7db56278919411ea83960242ac120005', '7daf5b27919411ea83960242ac120005', '10', 0, 1, NULL, NULL, NULL, NULL, '0', NULL, NULL);
INSERT INTO `TOOL_MESSAGE_USER` VALUES ('7db85379919411ea83960242ac120005', '7daf5b27919411ea83960242ac120005', '11', 0, 0, NULL, NULL, NULL, NULL, '0', NULL, NULL);
INSERT INTO `TOOL_MESSAGE_USER` VALUES ('7f11a589919411ea83960242ac120005', '7f11508f919411ea83960242ac120005', '10', 0, 1, NULL, NULL, NULL, NULL, '0', NULL, NULL);
INSERT INTO `TOOL_MESSAGE_USER` VALUES ('7f11f6e6919411ea83960242ac120005', '7f11508f919411ea83960242ac120005', '11', 0, 0, NULL, NULL, NULL, NULL, '0', NULL, NULL);
INSERT INTO `TOOL_MESSAGE_USER` VALUES ('8043a52c919411ea83960242ac120005', '80433474919411ea83960242ac120005', '10', 0, 1, NULL, NULL, NULL, NULL, '0', NULL, NULL);
INSERT INTO `TOOL_MESSAGE_USER` VALUES ('8043e315919411ea83960242ac120005', '80433474919411ea83960242ac120005', '11', 0, 0, NULL, NULL, NULL, NULL, '0', NULL, NULL);
INSERT INTO `TOOL_MESSAGE_USER` VALUES ('82c62adc918911ea83960242ac120005', '82c4fedc918911ea83960242ac120005', '1', 0, 0, NULL, NULL, NULL, NULL, '0', NULL, NULL);
INSERT INTO `TOOL_MESSAGE_USER` VALUES ('82c697ae918911ea83960242ac120005', '82c4fedc918911ea83960242ac120005', '1225768204119322625', 0, 0, NULL, NULL, NULL, NULL, '0', NULL, NULL);
INSERT INTO `TOOL_MESSAGE_USER` VALUES ('82c6edb5918911ea83960242ac120005', '82c4fedc918911ea83960242ac120005', '1225769011682226178', 0, 0, NULL, NULL, NULL, NULL, '0', NULL, NULL);
INSERT INTO `TOOL_MESSAGE_USER` VALUES ('82c75267918911ea83960242ac120005', '82c4fedc918911ea83960242ac120005', '1226046389771882498', 0, 0, NULL, NULL, NULL, NULL, '0', NULL, NULL);
INSERT INTO `TOOL_MESSAGE_USER` VALUES ('82c7d6f7918911ea83960242ac120005', '82c4fedc918911ea83960242ac120005', '1226046389843185665', 0, 0, NULL, NULL, NULL, NULL, '0', NULL, NULL);
INSERT INTO `TOOL_MESSAGE_USER` VALUES ('82c83d60918911ea83960242ac120005', '82c4fedc918911ea83960242ac120005', '1226046389847379969', 0, 0, NULL, NULL, NULL, NULL, '0', NULL, NULL);
INSERT INTO `TOOL_MESSAGE_USER` VALUES ('82c890a8918911ea83960242ac120005', '82c4fedc918911ea83960242ac120005', '1226046389855768578', 0, 1, NULL, NULL, NULL, NULL, '0', NULL, NULL);
INSERT INTO `TOOL_MESSAGE_USER` VALUES ('82c8ccee918911ea83960242ac120005', '82c4fedc918911ea83960242ac120005', '1226525357927071746', 0, 0, NULL, NULL, NULL, NULL, '0', NULL, NULL);
INSERT INTO `TOOL_MESSAGE_USER` VALUES ('82cb2a47918911ea83960242ac120005', '82c4fedc918911ea83960242ac120005', '1226525357973209090', 0, 0, NULL, NULL, NULL, NULL, '0', NULL, NULL);
INSERT INTO `TOOL_MESSAGE_USER` VALUES ('82cba51d918911ea83960242ac120005', '82c4fedc918911ea83960242ac120005', '1226527893153153026', 0, 0, NULL, NULL, NULL, NULL, '0', NULL, NULL);
INSERT INTO `TOOL_MESSAGE_USER` VALUES ('82cc99fd918911ea83960242ac120005', '82c4fedc918911ea83960242ac120005', '1226527893169930241', 0, 0, NULL, NULL, NULL, NULL, '0', NULL, NULL);
INSERT INTO `TOOL_MESSAGE_USER` VALUES ('82cdb657918911ea83960242ac120005', '82c4fedc918911ea83960242ac120005', '1256968282137714690', 0, 0, NULL, NULL, NULL, NULL, '0', NULL, NULL);
INSERT INTO `TOOL_MESSAGE_USER` VALUES ('82ce01d3918911ea83960242ac120005', '82c4fedc918911ea83960242ac120005', '1256968282209017858', 0, 0, NULL, NULL, NULL, NULL, '0', NULL, NULL);
INSERT INTO `TOOL_MESSAGE_USER` VALUES ('82ce4dfe918911ea83960242ac120005', '82c4fedc918911ea83960242ac120005', '1256968282225795073', 0, 0, NULL, NULL, NULL, NULL, '0', NULL, NULL);
INSERT INTO `TOOL_MESSAGE_USER` VALUES ('82ce8e4e918911ea83960242ac120005', '82c4fedc918911ea83960242ac120005', '1258236309533626370', 0, 0, NULL, NULL, NULL, NULL, '0', NULL, NULL);
INSERT INTO `TOOL_MESSAGE_USER` VALUES ('82ceea59918911ea83960242ac120005', '82c4fedc918911ea83960242ac120005', '1258377256380665858', 0, 1, NULL, NULL, NULL, NULL, '0', NULL, NULL);
INSERT INTO `TOOL_MESSAGE_USER` VALUES ('82cf2f0f918911ea83960242ac120005', '82c4fedc918911ea83960242ac120005', '1258635348406177794', 0, 0, NULL, NULL, NULL, NULL, '0', NULL, NULL);
INSERT INTO `TOOL_MESSAGE_USER` VALUES ('82cfc18e918911ea83960242ac120005', '82c4fedc918911ea83960242ac120005', '1258640051105959938', 0, 0, NULL, NULL, NULL, NULL, '0', NULL, NULL);
INSERT INTO `TOOL_MESSAGE_USER` VALUES ('82d02dcd918911ea83960242ac120005', '82c4fedc918911ea83960242ac120005', '1258648781084168194', 0, 0, NULL, NULL, NULL, NULL, '0', NULL, NULL);
INSERT INTO `TOOL_MESSAGE_USER` VALUES ('82d086e1918911ea83960242ac120005', '82c4fedc918911ea83960242ac120005', '1258648781159665665', 0, 0, NULL, NULL, NULL, NULL, '0', NULL, NULL);
INSERT INTO `TOOL_MESSAGE_USER` VALUES ('82d0cac4918911ea83960242ac120005', '82c4fedc918911ea83960242ac120005', '1258648781159665666', 0, 0, NULL, NULL, NULL, NULL, '0', NULL, NULL);
INSERT INTO `TOOL_MESSAGE_USER` VALUES ('89ca7cad8da211ea83960242ac120005', '89adfc998da211ea83960242ac120005', '10', 0, 1, NULL, NULL, NULL, NULL, '0', NULL, NULL);
INSERT INTO `TOOL_MESSAGE_USER` VALUES ('89f92a278da211ea83960242ac120005', '89adfc998da211ea83960242ac120005', '11', 0, 0, NULL, NULL, NULL, NULL, '0', NULL, NULL);
INSERT INTO `TOOL_MESSAGE_USER` VALUES ('8c5867f6918811ea83960242ac120005', '8c57d69c918811ea83960242ac120005', '1', 0, 0, NULL, NULL, NULL, NULL, '0', NULL, NULL);
INSERT INTO `TOOL_MESSAGE_USER` VALUES ('8c58ae4d918811ea83960242ac120005', '8c57d69c918811ea83960242ac120005', '1225768204119322625', 0, 0, NULL, NULL, NULL, NULL, '0', NULL, NULL);
INSERT INTO `TOOL_MESSAGE_USER` VALUES ('8c59321b918811ea83960242ac120005', '8c57d69c918811ea83960242ac120005', '1225769011682226178', 0, 0, NULL, NULL, NULL, NULL, '0', NULL, NULL);
INSERT INTO `TOOL_MESSAGE_USER` VALUES ('8c599cfd918811ea83960242ac120005', '8c57d69c918811ea83960242ac120005', '1226046389771882498', 0, 0, NULL, NULL, NULL, NULL, '0', NULL, NULL);
INSERT INTO `TOOL_MESSAGE_USER` VALUES ('8c5a1ac7918811ea83960242ac120005', '8c57d69c918811ea83960242ac120005', '1226046389843185665', 0, 0, NULL, NULL, NULL, NULL, '0', NULL, NULL);
INSERT INTO `TOOL_MESSAGE_USER` VALUES ('8c5a81d1918811ea83960242ac120005', '8c57d69c918811ea83960242ac120005', '1226046389847379969', 0, 0, NULL, NULL, NULL, NULL, '0', NULL, NULL);
INSERT INTO `TOOL_MESSAGE_USER` VALUES ('8c5b43b8918811ea83960242ac120005', '8c57d69c918811ea83960242ac120005', '1226046389855768578', 0, 1, NULL, NULL, NULL, NULL, '0', NULL, NULL);
INSERT INTO `TOOL_MESSAGE_USER` VALUES ('8c5c053f918811ea83960242ac120005', '8c57d69c918811ea83960242ac120005', '1226525357927071746', 0, 0, NULL, NULL, NULL, NULL, '0', NULL, NULL);
INSERT INTO `TOOL_MESSAGE_USER` VALUES ('8c5c73ee918811ea83960242ac120005', '8c57d69c918811ea83960242ac120005', '1226525357973209090', 0, 0, NULL, NULL, NULL, NULL, '0', NULL, NULL);
INSERT INTO `TOOL_MESSAGE_USER` VALUES ('8c5cd4fd918811ea83960242ac120005', '8c57d69c918811ea83960242ac120005', '1226527893153153026', 0, 0, NULL, NULL, NULL, NULL, '0', NULL, NULL);
INSERT INTO `TOOL_MESSAGE_USER` VALUES ('8c5d220e918811ea83960242ac120005', '8c57d69c918811ea83960242ac120005', '1226527893169930241', 0, 0, NULL, NULL, NULL, NULL, '0', NULL, NULL);
INSERT INTO `TOOL_MESSAGE_USER` VALUES ('8c5d9234918811ea83960242ac120005', '8c57d69c918811ea83960242ac120005', '1256968282137714690', 0, 0, NULL, NULL, NULL, NULL, '0', NULL, NULL);
INSERT INTO `TOOL_MESSAGE_USER` VALUES ('8c5f40cc918811ea83960242ac120005', '8c57d69c918811ea83960242ac120005', '1256968282209017858', 0, 0, NULL, NULL, NULL, NULL, '0', NULL, NULL);
INSERT INTO `TOOL_MESSAGE_USER` VALUES ('8c6089a1918811ea83960242ac120005', '8c57d69c918811ea83960242ac120005', '1256968282225795073', 0, 0, NULL, NULL, NULL, NULL, '0', NULL, NULL);
INSERT INTO `TOOL_MESSAGE_USER` VALUES ('8c616af3918811ea83960242ac120005', '8c57d69c918811ea83960242ac120005', '1258236309533626370', 0, 0, NULL, NULL, NULL, NULL, '0', NULL, NULL);
INSERT INTO `TOOL_MESSAGE_USER` VALUES ('8c61db3c918811ea83960242ac120005', '8c57d69c918811ea83960242ac120005', '1258377256380665858', 0, 1, NULL, NULL, NULL, NULL, '0', NULL, NULL);
INSERT INTO `TOOL_MESSAGE_USER` VALUES ('8c627078918811ea83960242ac120005', '8c57d69c918811ea83960242ac120005', '1258635348406177794', 0, 0, NULL, NULL, NULL, NULL, '0', NULL, NULL);
INSERT INTO `TOOL_MESSAGE_USER` VALUES ('8c6311ae918811ea83960242ac120005', '8c57d69c918811ea83960242ac120005', '1258640051105959938', 0, 0, NULL, NULL, NULL, NULL, '0', NULL, NULL);
INSERT INTO `TOOL_MESSAGE_USER` VALUES ('8c6370fe918811ea83960242ac120005', '8c57d69c918811ea83960242ac120005', '1258648781084168194', 0, 0, NULL, NULL, NULL, NULL, '0', NULL, NULL);
INSERT INTO `TOOL_MESSAGE_USER` VALUES ('8c663b10918811ea83960242ac120005', '8c57d69c918811ea83960242ac120005', '1258648781159665665', 0, 0, NULL, NULL, NULL, NULL, '0', NULL, NULL);
INSERT INTO `TOOL_MESSAGE_USER` VALUES ('8c66ad21918811ea83960242ac120005', '8c57d69c918811ea83960242ac120005', '1258648781159665666', 0, 0, NULL, NULL, NULL, NULL, '0', NULL, NULL);
INSERT INTO `TOOL_MESSAGE_USER` VALUES ('954ae0998da011ea83960242ac120005', '954513208da011ea83960242ac120005', '10', 0, 1, NULL, NULL, NULL, NULL, '0', NULL, NULL);
INSERT INTO `TOOL_MESSAGE_USER` VALUES ('9bbc52d6918a11ea83960242ac120005', '9bbb69de918a11ea83960242ac120005', '1', 0, 0, NULL, NULL, NULL, NULL, '0', NULL, NULL);
INSERT INTO `TOOL_MESSAGE_USER` VALUES ('9bbc9c4f918a11ea83960242ac120005', '9bbb69de918a11ea83960242ac120005', '1225768204119322625', 0, 0, NULL, NULL, NULL, NULL, '0', NULL, NULL);
INSERT INTO `TOOL_MESSAGE_USER` VALUES ('9bbcd3d0918a11ea83960242ac120005', '9bbb69de918a11ea83960242ac120005', '1225769011682226178', 0, 0, NULL, NULL, NULL, NULL, '0', NULL, NULL);
INSERT INTO `TOOL_MESSAGE_USER` VALUES ('9bbd08d6918a11ea83960242ac120005', '9bbb69de918a11ea83960242ac120005', '1226046389771882498', 0, 0, NULL, NULL, NULL, NULL, '0', NULL, NULL);
INSERT INTO `TOOL_MESSAGE_USER` VALUES ('9bbd4367918a11ea83960242ac120005', '9bbb69de918a11ea83960242ac120005', '1226046389843185665', 0, 0, NULL, NULL, NULL, NULL, '0', NULL, NULL);
INSERT INTO `TOOL_MESSAGE_USER` VALUES ('9bbd818d918a11ea83960242ac120005', '9bbb69de918a11ea83960242ac120005', '1226046389847379969', 0, 0, NULL, NULL, NULL, NULL, '0', NULL, NULL);
INSERT INTO `TOOL_MESSAGE_USER` VALUES ('9bbfb965918a11ea83960242ac120005', '9bbb69de918a11ea83960242ac120005', '1226046389855768578', 0, 1, NULL, NULL, NULL, NULL, '0', NULL, NULL);
INSERT INTO `TOOL_MESSAGE_USER` VALUES ('9bc136ac918a11ea83960242ac120005', '9bbb69de918a11ea83960242ac120005', '1226525357927071746', 0, 0, NULL, NULL, NULL, NULL, '0', NULL, NULL);
INSERT INTO `TOOL_MESSAGE_USER` VALUES ('9bc18fc5918a11ea83960242ac120005', '9bbb69de918a11ea83960242ac120005', '1226525357973209090', 0, 0, NULL, NULL, NULL, NULL, '0', NULL, NULL);
INSERT INTO `TOOL_MESSAGE_USER` VALUES ('9bc1f043918a11ea83960242ac120005', '9bbb69de918a11ea83960242ac120005', '1226527893153153026', 0, 0, NULL, NULL, NULL, NULL, '0', NULL, NULL);
INSERT INTO `TOOL_MESSAGE_USER` VALUES ('9bc23bb2918a11ea83960242ac120005', '9bbb69de918a11ea83960242ac120005', '1226527893169930241', 0, 0, NULL, NULL, NULL, NULL, '0', NULL, NULL);
INSERT INTO `TOOL_MESSAGE_USER` VALUES ('9bc286f6918a11ea83960242ac120005', '9bbb69de918a11ea83960242ac120005', '1256968282137714690', 0, 0, NULL, NULL, NULL, NULL, '0', NULL, NULL);
INSERT INTO `TOOL_MESSAGE_USER` VALUES ('9bc327f7918a11ea83960242ac120005', '9bbb69de918a11ea83960242ac120005', '1256968282209017858', 0, 0, NULL, NULL, NULL, NULL, '0', NULL, NULL);
INSERT INTO `TOOL_MESSAGE_USER` VALUES ('9bc37ed0918a11ea83960242ac120005', '9bbb69de918a11ea83960242ac120005', '1256968282225795073', 0, 0, NULL, NULL, NULL, NULL, '0', NULL, NULL);
INSERT INTO `TOOL_MESSAGE_USER` VALUES ('9bc3ce27918a11ea83960242ac120005', '9bbb69de918a11ea83960242ac120005', '1258236309533626370', 0, 0, NULL, NULL, NULL, NULL, '0', NULL, NULL);
INSERT INTO `TOOL_MESSAGE_USER` VALUES ('9bc41a34918a11ea83960242ac120005', '9bbb69de918a11ea83960242ac120005', '1258377256380665858', 0, 1, NULL, NULL, NULL, NULL, '0', NULL, NULL);
INSERT INTO `TOOL_MESSAGE_USER` VALUES ('9bc45f49918a11ea83960242ac120005', '9bbb69de918a11ea83960242ac120005', '1258635348406177794', 0, 0, NULL, NULL, NULL, NULL, '0', NULL, NULL);
INSERT INTO `TOOL_MESSAGE_USER` VALUES ('9bc49a9d918a11ea83960242ac120005', '9bbb69de918a11ea83960242ac120005', '1258640051105959938', 0, 0, NULL, NULL, NULL, NULL, '0', NULL, NULL);
INSERT INTO `TOOL_MESSAGE_USER` VALUES ('9bc4f487918a11ea83960242ac120005', '9bbb69de918a11ea83960242ac120005', '1258648781084168194', 0, 0, NULL, NULL, NULL, NULL, '0', NULL, NULL);
INSERT INTO `TOOL_MESSAGE_USER` VALUES ('9bc53892918a11ea83960242ac120005', '9bbb69de918a11ea83960242ac120005', '1258648781159665665', 0, 0, NULL, NULL, NULL, NULL, '0', NULL, NULL);
INSERT INTO `TOOL_MESSAGE_USER` VALUES ('9bc58a3e918a11ea83960242ac120005', '9bbb69de918a11ea83960242ac120005', '1258648781159665666', 0, 0, NULL, NULL, NULL, NULL, '0', NULL, NULL);
INSERT INTO `TOOL_MESSAGE_USER` VALUES ('9ed71d0291e711ea83960242ac120005', '9ed5b41d91e711ea83960242ac120005', '1', 0, 0, NULL, NULL, NULL, NULL, '0', NULL, NULL);
INSERT INTO `TOOL_MESSAGE_USER` VALUES ('9ed9338691e711ea83960242ac120005', '9ed5b41d91e711ea83960242ac120005', '1225768204119322625', 0, 0, NULL, NULL, NULL, NULL, '0', NULL, NULL);
INSERT INTO `TOOL_MESSAGE_USER` VALUES ('9eda2b7391e711ea83960242ac120005', '9ed5b41d91e711ea83960242ac120005', '1225769011682226178', 0, 0, NULL, NULL, NULL, NULL, '0', NULL, NULL);
INSERT INTO `TOOL_MESSAGE_USER` VALUES ('9eda8e7f91e711ea83960242ac120005', '9ed5b41d91e711ea83960242ac120005', '1226046389771882498', 0, 0, NULL, NULL, NULL, NULL, '0', NULL, NULL);
INSERT INTO `TOOL_MESSAGE_USER` VALUES ('9edb387d91e711ea83960242ac120005', '9ed5b41d91e711ea83960242ac120005', '1226046389843185665', 0, 0, NULL, NULL, NULL, NULL, '0', NULL, NULL);
INSERT INTO `TOOL_MESSAGE_USER` VALUES ('9edc3e5f91e711ea83960242ac120005', '9ed5b41d91e711ea83960242ac120005', '1226046389847379969', 0, 0, NULL, NULL, NULL, NULL, '0', NULL, NULL);
INSERT INTO `TOOL_MESSAGE_USER` VALUES ('9edd0ac691e711ea83960242ac120005', '9ed5b41d91e711ea83960242ac120005', '1226046389855768578', 0, 0, NULL, NULL, NULL, NULL, '0', NULL, NULL);
INSERT INTO `TOOL_MESSAGE_USER` VALUES ('9edd93b091e711ea83960242ac120005', '9ed5b41d91e711ea83960242ac120005', '1226525357927071746', 0, 0, NULL, NULL, NULL, NULL, '0', NULL, NULL);
INSERT INTO `TOOL_MESSAGE_USER` VALUES ('9ede0f8191e711ea83960242ac120005', '9ed5b41d91e711ea83960242ac120005', '1226525357973209090', 0, 0, NULL, NULL, NULL, NULL, '0', NULL, NULL);
INSERT INTO `TOOL_MESSAGE_USER` VALUES ('9edeaa3691e711ea83960242ac120005', '9ed5b41d91e711ea83960242ac120005', '1226527893153153026', 0, 0, NULL, NULL, NULL, NULL, '0', NULL, NULL);
INSERT INTO `TOOL_MESSAGE_USER` VALUES ('9edf0bf391e711ea83960242ac120005', '9ed5b41d91e711ea83960242ac120005', '1226527893169930241', 0, 0, NULL, NULL, NULL, NULL, '0', NULL, NULL);
INSERT INTO `TOOL_MESSAGE_USER` VALUES ('9ee0f33091e711ea83960242ac120005', '9ed5b41d91e711ea83960242ac120005', '1256968282137714690', 0, 0, NULL, NULL, NULL, NULL, '0', NULL, NULL);
INSERT INTO `TOOL_MESSAGE_USER` VALUES ('9ee1a9bd91e711ea83960242ac120005', '9ed5b41d91e711ea83960242ac120005', '1256968282209017858', 0, 0, NULL, NULL, NULL, NULL, '0', NULL, NULL);
INSERT INTO `TOOL_MESSAGE_USER` VALUES ('9ee2198491e711ea83960242ac120005', '9ed5b41d91e711ea83960242ac120005', '1256968282225795073', 0, 0, NULL, NULL, NULL, NULL, '0', NULL, NULL);
INSERT INTO `TOOL_MESSAGE_USER` VALUES ('9ee2660d91e711ea83960242ac120005', '9ed5b41d91e711ea83960242ac120005', '1258236309533626370', 0, 0, NULL, NULL, NULL, NULL, '0', NULL, NULL);
INSERT INTO `TOOL_MESSAGE_USER` VALUES ('9ee2b5bf91e711ea83960242ac120005', '9ed5b41d91e711ea83960242ac120005', '1258377256380665858', 0, 1, NULL, NULL, NULL, NULL, '0', NULL, NULL);
INSERT INTO `TOOL_MESSAGE_USER` VALUES ('9ee303a091e711ea83960242ac120005', '9ed5b41d91e711ea83960242ac120005', '1258635348406177794', 0, 0, NULL, NULL, NULL, NULL, '0', NULL, NULL);
INSERT INTO `TOOL_MESSAGE_USER` VALUES ('9ee3542091e711ea83960242ac120005', '9ed5b41d91e711ea83960242ac120005', '1258640051105959938', 0, 0, NULL, NULL, NULL, NULL, '0', NULL, NULL);
INSERT INTO `TOOL_MESSAGE_USER` VALUES ('9ee3a55191e711ea83960242ac120005', '9ed5b41d91e711ea83960242ac120005', '1258648781084168194', 0, 0, NULL, NULL, NULL, NULL, '0', NULL, NULL);
INSERT INTO `TOOL_MESSAGE_USER` VALUES ('9ee450e391e711ea83960242ac120005', '9ed5b41d91e711ea83960242ac120005', '1258648781159665665', 0, 0, NULL, NULL, NULL, NULL, '0', NULL, NULL);
INSERT INTO `TOOL_MESSAGE_USER` VALUES ('9ee4ac2091e711ea83960242ac120005', '9ed5b41d91e711ea83960242ac120005', '1258648781159665666', 0, 0, NULL, NULL, NULL, NULL, '0', NULL, NULL);
INSERT INTO `TOOL_MESSAGE_USER` VALUES ('9ee5225191e711ea83960242ac120005', '9ed5b41d91e711ea83960242ac120005', '1259015957414678529', 0, 0, NULL, NULL, NULL, NULL, '0', NULL, NULL);
INSERT INTO `TOOL_MESSAGE_USER` VALUES ('a1ad2f7b91e711ea83960242ac120005', 'a1abd70091e711ea83960242ac120005', '1', 0, 0, NULL, NULL, NULL, NULL, '0', NULL, NULL);
INSERT INTO `TOOL_MESSAGE_USER` VALUES ('a1add0a091e711ea83960242ac120005', 'a1abd70091e711ea83960242ac120005', '1225768204119322625', 0, 0, NULL, NULL, NULL, NULL, '0', NULL, NULL);
INSERT INTO `TOOL_MESSAGE_USER` VALUES ('a1ae19f091e711ea83960242ac120005', 'a1abd70091e711ea83960242ac120005', '1225769011682226178', 0, 0, NULL, NULL, NULL, NULL, '0', NULL, NULL);
INSERT INTO `TOOL_MESSAGE_USER` VALUES ('a1ae7e6091e711ea83960242ac120005', 'a1abd70091e711ea83960242ac120005', '1226046389771882498', 0, 0, NULL, NULL, NULL, NULL, '0', NULL, NULL);
INSERT INTO `TOOL_MESSAGE_USER` VALUES ('a1aed84d91e711ea83960242ac120005', 'a1abd70091e711ea83960242ac120005', '1226046389843185665', 0, 0, NULL, NULL, NULL, NULL, '0', NULL, NULL);
INSERT INTO `TOOL_MESSAGE_USER` VALUES ('a1afac6a91e711ea83960242ac120005', 'a1abd70091e711ea83960242ac120005', '1226046389847379969', 0, 0, NULL, NULL, NULL, NULL, '0', NULL, NULL);
INSERT INTO `TOOL_MESSAGE_USER` VALUES ('a1b08a5791e711ea83960242ac120005', 'a1abd70091e711ea83960242ac120005', '1226046389855768578', 0, 0, NULL, NULL, NULL, NULL, '0', NULL, NULL);
INSERT INTO `TOOL_MESSAGE_USER` VALUES ('a1b4aae891e711ea83960242ac120005', 'a1abd70091e711ea83960242ac120005', '1226525357927071746', 0, 0, NULL, NULL, NULL, NULL, '0', NULL, NULL);
INSERT INTO `TOOL_MESSAGE_USER` VALUES ('a1b596e691e711ea83960242ac120005', 'a1abd70091e711ea83960242ac120005', '1226525357973209090', 0, 0, NULL, NULL, NULL, NULL, '0', NULL, NULL);
INSERT INTO `TOOL_MESSAGE_USER` VALUES ('a1b6033591e711ea83960242ac120005', 'a1abd70091e711ea83960242ac120005', '1226527893153153026', 0, 0, NULL, NULL, NULL, NULL, '0', NULL, NULL);
INSERT INTO `TOOL_MESSAGE_USER` VALUES ('a1b68fcb91e711ea83960242ac120005', 'a1abd70091e711ea83960242ac120005', '1226527893169930241', 0, 0, NULL, NULL, NULL, NULL, '0', NULL, NULL);
INSERT INTO `TOOL_MESSAGE_USER` VALUES ('a1b71fab91e711ea83960242ac120005', 'a1abd70091e711ea83960242ac120005', '1256968282137714690', 0, 0, NULL, NULL, NULL, NULL, '0', NULL, NULL);
INSERT INTO `TOOL_MESSAGE_USER` VALUES ('a1b7b91e91e711ea83960242ac120005', 'a1abd70091e711ea83960242ac120005', '1256968282209017858', 0, 0, NULL, NULL, NULL, NULL, '0', NULL, NULL);
INSERT INTO `TOOL_MESSAGE_USER` VALUES ('a1b8d31f91e711ea83960242ac120005', 'a1abd70091e711ea83960242ac120005', '1256968282225795073', 0, 0, NULL, NULL, NULL, NULL, '0', NULL, NULL);
INSERT INTO `TOOL_MESSAGE_USER` VALUES ('a1b93e8f91e711ea83960242ac120005', 'a1abd70091e711ea83960242ac120005', '1258236309533626370', 0, 0, NULL, NULL, NULL, NULL, '0', NULL, NULL);
INSERT INTO `TOOL_MESSAGE_USER` VALUES ('a1b9bb7b91e711ea83960242ac120005', 'a1abd70091e711ea83960242ac120005', '1258377256380665858', 0, 1, NULL, NULL, NULL, NULL, '0', NULL, NULL);
INSERT INTO `TOOL_MESSAGE_USER` VALUES ('a1bab64291e711ea83960242ac120005', 'a1abd70091e711ea83960242ac120005', '1258635348406177794', 0, 0, NULL, NULL, NULL, NULL, '0', NULL, NULL);
INSERT INTO `TOOL_MESSAGE_USER` VALUES ('a1bb47ac91e711ea83960242ac120005', 'a1abd70091e711ea83960242ac120005', '1258640051105959938', 0, 0, NULL, NULL, NULL, NULL, '0', NULL, NULL);
INSERT INTO `TOOL_MESSAGE_USER` VALUES ('a1bbb5c291e711ea83960242ac120005', 'a1abd70091e711ea83960242ac120005', '1258648781084168194', 0, 0, NULL, NULL, NULL, NULL, '0', NULL, NULL);
INSERT INTO `TOOL_MESSAGE_USER` VALUES ('a1bcb6a591e711ea83960242ac120005', 'a1abd70091e711ea83960242ac120005', '1258648781159665665', 0, 0, NULL, NULL, NULL, NULL, '0', NULL, NULL);
INSERT INTO `TOOL_MESSAGE_USER` VALUES ('a1bd449591e711ea83960242ac120005', 'a1abd70091e711ea83960242ac120005', '1258648781159665666', 0, 0, NULL, NULL, NULL, NULL, '0', NULL, NULL);
INSERT INTO `TOOL_MESSAGE_USER` VALUES ('a1be3a5891e711ea83960242ac120005', 'a1abd70091e711ea83960242ac120005', '1259015957414678529', 0, 0, NULL, NULL, NULL, NULL, '0', NULL, NULL);
INSERT INTO `TOOL_MESSAGE_USER` VALUES ('a256d09791e611ea83960242ac120005', 'a25655af91e611ea83960242ac120005', '1', 0, 0, NULL, NULL, NULL, NULL, '0', NULL, NULL);
INSERT INTO `TOOL_MESSAGE_USER` VALUES ('a257646591e611ea83960242ac120005', 'a25655af91e611ea83960242ac120005', '1225768204119322625', 0, 0, NULL, NULL, NULL, NULL, '0', NULL, NULL);
INSERT INTO `TOOL_MESSAGE_USER` VALUES ('a25897dc91e611ea83960242ac120005', 'a25655af91e611ea83960242ac120005', '1225769011682226178', 0, 0, NULL, NULL, NULL, NULL, '0', NULL, NULL);
INSERT INTO `TOOL_MESSAGE_USER` VALUES ('a258fa8391e611ea83960242ac120005', 'a25655af91e611ea83960242ac120005', '1226046389771882498', 0, 0, NULL, NULL, NULL, NULL, '0', NULL, NULL);
INSERT INTO `TOOL_MESSAGE_USER` VALUES ('a259cddd91e611ea83960242ac120005', 'a25655af91e611ea83960242ac120005', '1226046389843185665', 0, 0, NULL, NULL, NULL, NULL, '0', NULL, NULL);
INSERT INTO `TOOL_MESSAGE_USER` VALUES ('a25a443291e611ea83960242ac120005', 'a25655af91e611ea83960242ac120005', '1226046389847379969', 0, 0, NULL, NULL, NULL, NULL, '0', NULL, NULL);
INSERT INTO `TOOL_MESSAGE_USER` VALUES ('a25aa22891e611ea83960242ac120005', 'a25655af91e611ea83960242ac120005', '1226046389855768578', 0, 0, NULL, NULL, NULL, NULL, '0', NULL, NULL);
INSERT INTO `TOOL_MESSAGE_USER` VALUES ('a25b2e3a91e611ea83960242ac120005', 'a25655af91e611ea83960242ac120005', '1226525357927071746', 0, 0, NULL, NULL, NULL, NULL, '0', NULL, NULL);
INSERT INTO `TOOL_MESSAGE_USER` VALUES ('a25bdf9c91e611ea83960242ac120005', 'a25655af91e611ea83960242ac120005', '1226525357973209090', 0, 0, NULL, NULL, NULL, NULL, '0', NULL, NULL);
INSERT INTO `TOOL_MESSAGE_USER` VALUES ('a25d985691e611ea83960242ac120005', 'a25655af91e611ea83960242ac120005', '1226527893153153026', 0, 0, NULL, NULL, NULL, NULL, '0', NULL, NULL);
INSERT INTO `TOOL_MESSAGE_USER` VALUES ('a25e150891e611ea83960242ac120005', 'a25655af91e611ea83960242ac120005', '1226527893169930241', 0, 0, NULL, NULL, NULL, NULL, '0', NULL, NULL);
INSERT INTO `TOOL_MESSAGE_USER` VALUES ('a25e9ff691e611ea83960242ac120005', 'a25655af91e611ea83960242ac120005', '1256968282137714690', 0, 0, NULL, NULL, NULL, NULL, '0', NULL, NULL);
INSERT INTO `TOOL_MESSAGE_USER` VALUES ('a25f45bf91e611ea83960242ac120005', 'a25655af91e611ea83960242ac120005', '1256968282209017858', 0, 0, NULL, NULL, NULL, NULL, '0', NULL, NULL);
INSERT INTO `TOOL_MESSAGE_USER` VALUES ('a25ff08a91e611ea83960242ac120005', 'a25655af91e611ea83960242ac120005', '1256968282225795073', 0, 0, NULL, NULL, NULL, NULL, '0', NULL, NULL);
INSERT INTO `TOOL_MESSAGE_USER` VALUES ('a26056fe91e611ea83960242ac120005', 'a25655af91e611ea83960242ac120005', '1258236309533626370', 0, 0, NULL, NULL, NULL, NULL, '0', NULL, NULL);
INSERT INTO `TOOL_MESSAGE_USER` VALUES ('a260b13391e611ea83960242ac120005', 'a25655af91e611ea83960242ac120005', '1258377256380665858', 0, 1, NULL, NULL, NULL, NULL, '0', NULL, NULL);
INSERT INTO `TOOL_MESSAGE_USER` VALUES ('a261064e91e611ea83960242ac120005', 'a25655af91e611ea83960242ac120005', '1258635348406177794', 0, 0, NULL, NULL, NULL, NULL, '0', NULL, NULL);
INSERT INTO `TOOL_MESSAGE_USER` VALUES ('a2618de991e611ea83960242ac120005', 'a25655af91e611ea83960242ac120005', '1258640051105959938', 0, 0, NULL, NULL, NULL, NULL, '0', NULL, NULL);
INSERT INTO `TOOL_MESSAGE_USER` VALUES ('a262153391e611ea83960242ac120005', 'a25655af91e611ea83960242ac120005', '1258648781084168194', 0, 0, NULL, NULL, NULL, NULL, '0', NULL, NULL);
INSERT INTO `TOOL_MESSAGE_USER` VALUES ('a26277ea91e611ea83960242ac120005', 'a25655af91e611ea83960242ac120005', '1258648781159665665', 0, 0, NULL, NULL, NULL, NULL, '0', NULL, NULL);
INSERT INTO `TOOL_MESSAGE_USER` VALUES ('a265f05d91e611ea83960242ac120005', 'a25655af91e611ea83960242ac120005', '1258648781159665666', 0, 0, NULL, NULL, NULL, NULL, '0', NULL, NULL);
INSERT INTO `TOOL_MESSAGE_USER` VALUES ('a26925f491e611ea83960242ac120005', 'a25655af91e611ea83960242ac120005', '1259015957414678529', 0, 0, NULL, NULL, NULL, NULL, '0', NULL, NULL);
INSERT INTO `TOOL_MESSAGE_USER` VALUES ('a69707c191e711ea83960242ac120005', 'a696756a91e711ea83960242ac120005', '1', 0, 0, NULL, NULL, NULL, NULL, '0', NULL, NULL);
INSERT INTO `TOOL_MESSAGE_USER` VALUES ('a697b44091e711ea83960242ac120005', 'a696756a91e711ea83960242ac120005', '1225768204119322625', 0, 0, NULL, NULL, NULL, NULL, '0', NULL, NULL);
INSERT INTO `TOOL_MESSAGE_USER` VALUES ('a698116191e711ea83960242ac120005', 'a696756a91e711ea83960242ac120005', '1225769011682226178', 0, 0, NULL, NULL, NULL, NULL, '0', NULL, NULL);
INSERT INTO `TOOL_MESSAGE_USER` VALUES ('a699118d91e711ea83960242ac120005', 'a696756a91e711ea83960242ac120005', '1226046389771882498', 0, 0, NULL, NULL, NULL, NULL, '0', NULL, NULL);
INSERT INTO `TOOL_MESSAGE_USER` VALUES ('a69971cb91e711ea83960242ac120005', 'a696756a91e711ea83960242ac120005', '1226046389843185665', 0, 0, NULL, NULL, NULL, NULL, '0', NULL, NULL);
INSERT INTO `TOOL_MESSAGE_USER` VALUES ('a699cc6191e711ea83960242ac120005', 'a696756a91e711ea83960242ac120005', '1226046389847379969', 0, 0, NULL, NULL, NULL, NULL, '0', NULL, NULL);
INSERT INTO `TOOL_MESSAGE_USER` VALUES ('a69a60ef91e711ea83960242ac120005', 'a696756a91e711ea83960242ac120005', '1226046389855768578', 0, 0, NULL, NULL, NULL, NULL, '0', NULL, NULL);
INSERT INTO `TOOL_MESSAGE_USER` VALUES ('a69b406791e711ea83960242ac120005', 'a696756a91e711ea83960242ac120005', '1226525357927071746', 0, 0, NULL, NULL, NULL, NULL, '0', NULL, NULL);
INSERT INTO `TOOL_MESSAGE_USER` VALUES ('a69e64d891e711ea83960242ac120005', 'a696756a91e711ea83960242ac120005', '1226525357973209090', 0, 0, NULL, NULL, NULL, NULL, '0', NULL, NULL);
INSERT INTO `TOOL_MESSAGE_USER` VALUES ('a69ef51691e711ea83960242ac120005', 'a696756a91e711ea83960242ac120005', '1226527893153153026', 0, 0, NULL, NULL, NULL, NULL, '0', NULL, NULL);
INSERT INTO `TOOL_MESSAGE_USER` VALUES ('a6a06c8f91e711ea83960242ac120005', 'a696756a91e711ea83960242ac120005', '1226527893169930241', 0, 0, NULL, NULL, NULL, NULL, '0', NULL, NULL);
INSERT INTO `TOOL_MESSAGE_USER` VALUES ('a6a0f4fe91e711ea83960242ac120005', 'a696756a91e711ea83960242ac120005', '1256968282137714690', 0, 0, NULL, NULL, NULL, NULL, '0', NULL, NULL);
INSERT INTO `TOOL_MESSAGE_USER` VALUES ('a6a15a8391e711ea83960242ac120005', 'a696756a91e711ea83960242ac120005', '1256968282209017858', 0, 0, NULL, NULL, NULL, NULL, '0', NULL, NULL);
INSERT INTO `TOOL_MESSAGE_USER` VALUES ('a6a1d46e91e711ea83960242ac120005', 'a696756a91e711ea83960242ac120005', '1256968282225795073', 0, 0, NULL, NULL, NULL, NULL, '0', NULL, NULL);
INSERT INTO `TOOL_MESSAGE_USER` VALUES ('a6a24c4091e711ea83960242ac120005', 'a696756a91e711ea83960242ac120005', '1258236309533626370', 0, 0, NULL, NULL, NULL, NULL, '0', NULL, NULL);
INSERT INTO `TOOL_MESSAGE_USER` VALUES ('a6a29e7a91e711ea83960242ac120005', 'a696756a91e711ea83960242ac120005', '1258377256380665858', 0, 1, NULL, NULL, NULL, NULL, '0', NULL, NULL);
INSERT INTO `TOOL_MESSAGE_USER` VALUES ('a6a32a0f91e711ea83960242ac120005', 'a696756a91e711ea83960242ac120005', '1258635348406177794', 0, 0, NULL, NULL, NULL, NULL, '0', NULL, NULL);
INSERT INTO `TOOL_MESSAGE_USER` VALUES ('a6a38faa91e711ea83960242ac120005', 'a696756a91e711ea83960242ac120005', '1258640051105959938', 0, 0, NULL, NULL, NULL, NULL, '0', NULL, NULL);
INSERT INTO `TOOL_MESSAGE_USER` VALUES ('a6a4332a91e711ea83960242ac120005', 'a696756a91e711ea83960242ac120005', '1258648781084168194', 0, 0, NULL, NULL, NULL, NULL, '0', NULL, NULL);
INSERT INTO `TOOL_MESSAGE_USER` VALUES ('a6a4b17191e711ea83960242ac120005', 'a696756a91e711ea83960242ac120005', '1258648781159665665', 0, 0, NULL, NULL, NULL, NULL, '0', NULL, NULL);
INSERT INTO `TOOL_MESSAGE_USER` VALUES ('a6a537eb91e711ea83960242ac120005', 'a696756a91e711ea83960242ac120005', '1258648781159665666', 0, 0, NULL, NULL, NULL, NULL, '0', NULL, NULL);
INSERT INTO `TOOL_MESSAGE_USER` VALUES ('a6a5a18891e711ea83960242ac120005', 'a696756a91e711ea83960242ac120005', '1259015957414678529', 0, 0, NULL, NULL, NULL, NULL, '0', NULL, NULL);
INSERT INTO `TOOL_MESSAGE_USER` VALUES ('a8098187918911ea83960242ac120005', 'a8084fe5918911ea83960242ac120005', '1', 0, 0, NULL, NULL, NULL, NULL, '0', NULL, NULL);
INSERT INTO `TOOL_MESSAGE_USER` VALUES ('a80a411e918911ea83960242ac120005', 'a8084fe5918911ea83960242ac120005', '1225769011682226178', 0, 0, NULL, NULL, NULL, NULL, '0', NULL, NULL);
INSERT INTO `TOOL_MESSAGE_USER` VALUES ('a80abc98918911ea83960242ac120005', 'a8084fe5918911ea83960242ac120005', '1226046389771882498', 0, 0, NULL, NULL, NULL, NULL, '0', NULL, NULL);
INSERT INTO `TOOL_MESSAGE_USER` VALUES ('a80b026d918911ea83960242ac120005', 'a8084fe5918911ea83960242ac120005', '1226046389843185665', 0, 0, NULL, NULL, NULL, NULL, '0', NULL, NULL);
INSERT INTO `TOOL_MESSAGE_USER` VALUES ('a80b7be8918911ea83960242ac120005', 'a8084fe5918911ea83960242ac120005', '1226046389847379969', 0, 0, NULL, NULL, NULL, NULL, '0', NULL, NULL);
INSERT INTO `TOOL_MESSAGE_USER` VALUES ('a80bbe0a918911ea83960242ac120005', 'a8084fe5918911ea83960242ac120005', '1226046389855768578', 0, 1, NULL, NULL, NULL, NULL, '0', NULL, NULL);
INSERT INTO `TOOL_MESSAGE_USER` VALUES ('a80bf2d7918911ea83960242ac120005', 'a8084fe5918911ea83960242ac120005', '1226525357927071746', 0, 0, NULL, NULL, NULL, NULL, '0', NULL, NULL);
INSERT INTO `TOOL_MESSAGE_USER` VALUES ('a80c395a918911ea83960242ac120005', 'a8084fe5918911ea83960242ac120005', '1226525357973209090', 0, 0, NULL, NULL, NULL, NULL, '0', NULL, NULL);
INSERT INTO `TOOL_MESSAGE_USER` VALUES ('a80c76e0918911ea83960242ac120005', 'a8084fe5918911ea83960242ac120005', '1226527893153153026', 0, 0, NULL, NULL, NULL, NULL, '0', NULL, NULL);
INSERT INTO `TOOL_MESSAGE_USER` VALUES ('a80d53f3918911ea83960242ac120005', 'a8084fe5918911ea83960242ac120005', '1226527893169930241', 0, 0, NULL, NULL, NULL, NULL, '0', NULL, NULL);
INSERT INTO `TOOL_MESSAGE_USER` VALUES ('a80ddb2c918911ea83960242ac120005', 'a8084fe5918911ea83960242ac120005', '1256158916379676673', 0, 1, NULL, NULL, NULL, NULL, '0', NULL, NULL);
INSERT INTO `TOOL_MESSAGE_USER` VALUES ('a80e6b86918911ea83960242ac120005', 'a8084fe5918911ea83960242ac120005', '1256968282137714690', 0, 0, NULL, NULL, NULL, NULL, '0', NULL, NULL);
INSERT INTO `TOOL_MESSAGE_USER` VALUES ('a80f22ac918911ea83960242ac120005', 'a8084fe5918911ea83960242ac120005', '1256968282209017858', 0, 0, NULL, NULL, NULL, NULL, '0', NULL, NULL);
INSERT INTO `TOOL_MESSAGE_USER` VALUES ('a80f7cc4918911ea83960242ac120005', 'a8084fe5918911ea83960242ac120005', '1256968282225795073', 0, 0, NULL, NULL, NULL, NULL, '0', NULL, NULL);
INSERT INTO `TOOL_MESSAGE_USER` VALUES ('a8101703918911ea83960242ac120005', 'a8084fe5918911ea83960242ac120005', '1258236309533626370', 0, 0, NULL, NULL, NULL, NULL, '0', NULL, NULL);
INSERT INTO `TOOL_MESSAGE_USER` VALUES ('a8112513918911ea83960242ac120005', 'a8084fe5918911ea83960242ac120005', '1258377256380665858', 0, 1, NULL, NULL, NULL, NULL, '0', NULL, NULL);
INSERT INTO `TOOL_MESSAGE_USER` VALUES ('a8132bf4918911ea83960242ac120005', 'a8084fe5918911ea83960242ac120005', '1258635348406177794', 0, 0, NULL, NULL, NULL, NULL, '0', NULL, NULL);
INSERT INTO `TOOL_MESSAGE_USER` VALUES ('a813a42f918911ea83960242ac120005', 'a8084fe5918911ea83960242ac120005', '1258640051105959938', 0, 0, NULL, NULL, NULL, NULL, '0', NULL, NULL);
INSERT INTO `TOOL_MESSAGE_USER` VALUES ('a814d238918911ea83960242ac120005', 'a8084fe5918911ea83960242ac120005', '1258648781084168194', 0, 0, NULL, NULL, NULL, NULL, '0', NULL, NULL);
INSERT INTO `TOOL_MESSAGE_USER` VALUES ('a8156af6918911ea83960242ac120005', 'a8084fe5918911ea83960242ac120005', '1258648781159665665', 0, 0, NULL, NULL, NULL, NULL, '0', NULL, NULL);
INSERT INTO `TOOL_MESSAGE_USER` VALUES ('a8187e0d918911ea83960242ac120005', 'a8084fe5918911ea83960242ac120005', '1258648781159665666', 0, 0, NULL, NULL, NULL, NULL, '0', NULL, NULL);
INSERT INTO `TOOL_MESSAGE_USER` VALUES ('b4690b2e91e711ea83960242ac120005', 'b4655c2f91e711ea83960242ac120005', '1', 0, 0, NULL, NULL, NULL, NULL, '0', NULL, NULL);
INSERT INTO `TOOL_MESSAGE_USER` VALUES ('b46cc38c91e711ea83960242ac120005', 'b4655c2f91e711ea83960242ac120005', '1225768204119322625', 0, 0, NULL, NULL, NULL, NULL, '0', NULL, NULL);
INSERT INTO `TOOL_MESSAGE_USER` VALUES ('b46d6b3e91e711ea83960242ac120005', 'b4655c2f91e711ea83960242ac120005', '1225769011682226178', 0, 0, NULL, NULL, NULL, NULL, '0', NULL, NULL);
INSERT INTO `TOOL_MESSAGE_USER` VALUES ('b46df67891e711ea83960242ac120005', 'b4655c2f91e711ea83960242ac120005', '1226046389771882498', 0, 0, NULL, NULL, NULL, NULL, '0', NULL, NULL);
INSERT INTO `TOOL_MESSAGE_USER` VALUES ('b46e62f291e711ea83960242ac120005', 'b4655c2f91e711ea83960242ac120005', '1226046389843185665', 0, 0, NULL, NULL, NULL, NULL, '0', NULL, NULL);
INSERT INTO `TOOL_MESSAGE_USER` VALUES ('b46ececd91e711ea83960242ac120005', 'b4655c2f91e711ea83960242ac120005', '1226046389847379969', 0, 0, NULL, NULL, NULL, NULL, '0', NULL, NULL);
INSERT INTO `TOOL_MESSAGE_USER` VALUES ('b46f1c4c91e711ea83960242ac120005', 'b4655c2f91e711ea83960242ac120005', '1226046389855768578', 0, 0, NULL, NULL, NULL, NULL, '0', NULL, NULL);
INSERT INTO `TOOL_MESSAGE_USER` VALUES ('b46f659d91e711ea83960242ac120005', 'b4655c2f91e711ea83960242ac120005', '1226525357927071746', 0, 0, NULL, NULL, NULL, NULL, '0', NULL, NULL);
INSERT INTO `TOOL_MESSAGE_USER` VALUES ('b46fb4c391e711ea83960242ac120005', 'b4655c2f91e711ea83960242ac120005', '1226525357973209090', 0, 0, NULL, NULL, NULL, NULL, '0', NULL, NULL);
INSERT INTO `TOOL_MESSAGE_USER` VALUES ('b47050f491e711ea83960242ac120005', 'b4655c2f91e711ea83960242ac120005', '1226527893153153026', 0, 0, NULL, NULL, NULL, NULL, '0', NULL, NULL);
INSERT INTO `TOOL_MESSAGE_USER` VALUES ('b470cb8691e711ea83960242ac120005', 'b4655c2f91e711ea83960242ac120005', '1226527893169930241', 0, 0, NULL, NULL, NULL, NULL, '0', NULL, NULL);
INSERT INTO `TOOL_MESSAGE_USER` VALUES ('b4711b0391e711ea83960242ac120005', 'b4655c2f91e711ea83960242ac120005', '1256968282137714690', 0, 0, NULL, NULL, NULL, NULL, '0', NULL, NULL);
INSERT INTO `TOOL_MESSAGE_USER` VALUES ('b4715cd391e711ea83960242ac120005', 'b4655c2f91e711ea83960242ac120005', '1256968282209017858', 0, 0, NULL, NULL, NULL, NULL, '0', NULL, NULL);
INSERT INTO `TOOL_MESSAGE_USER` VALUES ('b471e83791e711ea83960242ac120005', 'b4655c2f91e711ea83960242ac120005', '1256968282225795073', 0, 0, NULL, NULL, NULL, NULL, '0', NULL, NULL);
INSERT INTO `TOOL_MESSAGE_USER` VALUES ('b473e0b191e711ea83960242ac120005', 'b4655c2f91e711ea83960242ac120005', '1258236309533626370', 0, 0, NULL, NULL, NULL, NULL, '0', NULL, NULL);
INSERT INTO `TOOL_MESSAGE_USER` VALUES ('b475aa1b91e711ea83960242ac120005', 'b4655c2f91e711ea83960242ac120005', '1258377256380665858', 0, 1, NULL, NULL, NULL, NULL, '0', NULL, NULL);
INSERT INTO `TOOL_MESSAGE_USER` VALUES ('b47673f091e711ea83960242ac120005', 'b4655c2f91e711ea83960242ac120005', '1258635348406177794', 0, 0, NULL, NULL, NULL, NULL, '0', NULL, NULL);
INSERT INTO `TOOL_MESSAGE_USER` VALUES ('b4774a5391e711ea83960242ac120005', 'b4655c2f91e711ea83960242ac120005', '1258640051105959938', 0, 0, NULL, NULL, NULL, NULL, '0', NULL, NULL);
INSERT INTO `TOOL_MESSAGE_USER` VALUES ('b47828ec91e711ea83960242ac120005', 'b4655c2f91e711ea83960242ac120005', '1258648781084168194', 0, 0, NULL, NULL, NULL, NULL, '0', NULL, NULL);
INSERT INTO `TOOL_MESSAGE_USER` VALUES ('b4788bf691e711ea83960242ac120005', 'b4655c2f91e711ea83960242ac120005', '1258648781159665665', 0, 0, NULL, NULL, NULL, NULL, '0', NULL, NULL);
INSERT INTO `TOOL_MESSAGE_USER` VALUES ('b47918fa91e711ea83960242ac120005', 'b4655c2f91e711ea83960242ac120005', '1258648781159665666', 0, 0, NULL, NULL, NULL, NULL, '0', NULL, NULL);
INSERT INTO `TOOL_MESSAGE_USER` VALUES ('b4797d1f91e711ea83960242ac120005', 'b4655c2f91e711ea83960242ac120005', '1259015957414678529', 0, 0, NULL, NULL, NULL, NULL, '0', NULL, NULL);
INSERT INTO `TOOL_MESSAGE_USER` VALUES ('c23fea9191d711ea83960242ac120005', 'c23f294991d711ea83960242ac120005', '1', 0, 0, NULL, NULL, NULL, NULL, '0', NULL, NULL);
INSERT INTO `TOOL_MESSAGE_USER` VALUES ('c242d38e91d711ea83960242ac120005', 'c23f294991d711ea83960242ac120005', '1225768204119322625', 0, 0, NULL, NULL, NULL, NULL, '0', NULL, NULL);
INSERT INTO `TOOL_MESSAGE_USER` VALUES ('c246a5c191d711ea83960242ac120005', 'c23f294991d711ea83960242ac120005', '1225769011682226178', 0, 0, NULL, NULL, NULL, NULL, '0', NULL, NULL);
INSERT INTO `TOOL_MESSAGE_USER` VALUES ('c2496e7791d711ea83960242ac120005', 'c23f294991d711ea83960242ac120005', '1226046389771882498', 0, 0, NULL, NULL, NULL, NULL, '0', NULL, NULL);
INSERT INTO `TOOL_MESSAGE_USER` VALUES ('c24e6c2991d711ea83960242ac120005', 'c23f294991d711ea83960242ac120005', '1226046389843185665', 0, 0, NULL, NULL, NULL, NULL, '0', NULL, NULL);
INSERT INTO `TOOL_MESSAGE_USER` VALUES ('c2528d2e91d711ea83960242ac120005', 'c23f294991d711ea83960242ac120005', '1226046389847379969', 0, 0, NULL, NULL, NULL, NULL, '0', NULL, NULL);
INSERT INTO `TOOL_MESSAGE_USER` VALUES ('c2560c3d91d711ea83960242ac120005', 'c23f294991d711ea83960242ac120005', '1226046389855768578', 0, 0, NULL, NULL, NULL, NULL, '0', NULL, NULL);
INSERT INTO `TOOL_MESSAGE_USER` VALUES ('c25a054591d711ea83960242ac120005', 'c23f294991d711ea83960242ac120005', '1226525357927071746', 0, 0, NULL, NULL, NULL, NULL, '0', NULL, NULL);
INSERT INTO `TOOL_MESSAGE_USER` VALUES ('c25e9bfd91d711ea83960242ac120005', 'c23f294991d711ea83960242ac120005', '1226525357973209090', 0, 0, NULL, NULL, NULL, NULL, '0', NULL, NULL);
INSERT INTO `TOOL_MESSAGE_USER` VALUES ('c263080291d711ea83960242ac120005', 'c23f294991d711ea83960242ac120005', '1226527893153153026', 0, 0, NULL, NULL, NULL, NULL, '0', NULL, NULL);
INSERT INTO `TOOL_MESSAGE_USER` VALUES ('c2680faf91d711ea83960242ac120005', 'c23f294991d711ea83960242ac120005', '1226527893169930241', 0, 0, NULL, NULL, NULL, NULL, '0', NULL, NULL);
INSERT INTO `TOOL_MESSAGE_USER` VALUES ('c26e03c091d711ea83960242ac120005', 'c23f294991d711ea83960242ac120005', '1256158916379676673', 0, 1, NULL, NULL, NULL, NULL, '0', NULL, NULL);
INSERT INTO `TOOL_MESSAGE_USER` VALUES ('c2726d6691d711ea83960242ac120005', 'c23f294991d711ea83960242ac120005', '1256968282137714690', 0, 0, NULL, NULL, NULL, NULL, '0', NULL, NULL);
INSERT INTO `TOOL_MESSAGE_USER` VALUES ('c2777aad91d711ea83960242ac120005', 'c23f294991d711ea83960242ac120005', '1256968282209017858', 0, 0, NULL, NULL, NULL, NULL, '0', NULL, NULL);
INSERT INTO `TOOL_MESSAGE_USER` VALUES ('c27a85f991d711ea83960242ac120005', 'c23f294991d711ea83960242ac120005', '1256968282225795073', 0, 0, NULL, NULL, NULL, NULL, '0', NULL, NULL);
INSERT INTO `TOOL_MESSAGE_USER` VALUES ('c2805afc91d711ea83960242ac120005', 'c23f294991d711ea83960242ac120005', '1258236309533626370', 0, 0, NULL, NULL, NULL, NULL, '0', NULL, NULL);
INSERT INTO `TOOL_MESSAGE_USER` VALUES ('c283869f91d711ea83960242ac120005', 'c23f294991d711ea83960242ac120005', '1258635348406177794', 0, 0, NULL, NULL, NULL, NULL, '0', NULL, NULL);
INSERT INTO `TOOL_MESSAGE_USER` VALUES ('c28894cf91d711ea83960242ac120005', 'c23f294991d711ea83960242ac120005', '1258640051105959938', 0, 0, NULL, NULL, NULL, NULL, '0', NULL, NULL);
INSERT INTO `TOOL_MESSAGE_USER` VALUES ('c28e821991d711ea83960242ac120005', 'c23f294991d711ea83960242ac120005', '1258648781084168194', 0, 0, NULL, NULL, NULL, NULL, '0', NULL, NULL);
INSERT INTO `TOOL_MESSAGE_USER` VALUES ('c2929d6191d711ea83960242ac120005', 'c23f294991d711ea83960242ac120005', '1258648781159665665', 0, 0, NULL, NULL, NULL, NULL, '0', NULL, NULL);
INSERT INTO `TOOL_MESSAGE_USER` VALUES ('c295af8c91d711ea83960242ac120005', 'c23f294991d711ea83960242ac120005', '1258648781159665666', 0, 0, NULL, NULL, NULL, NULL, '0', NULL, NULL);
INSERT INTO `TOOL_MESSAGE_USER` VALUES ('c299f31a91d711ea83960242ac120005', 'c23f294991d711ea83960242ac120005', '1259015957414678529', 0, 0, NULL, NULL, NULL, NULL, '0', NULL, NULL);
INSERT INTO `TOOL_MESSAGE_USER` VALUES ('c372d75d920611ea83960242ac120005', 'c3722f95920611ea83960242ac120005', '1', 0, 0, NULL, NULL, NULL, NULL, '0', NULL, NULL);
INSERT INTO `TOOL_MESSAGE_USER` VALUES ('c3732e6b920611ea83960242ac120005', 'c3722f95920611ea83960242ac120005', '1225768204119322625', 0, 0, NULL, NULL, NULL, NULL, '0', NULL, NULL);
INSERT INTO `TOOL_MESSAGE_USER` VALUES ('c3738630920611ea83960242ac120005', 'c3722f95920611ea83960242ac120005', '1225769011682226178', 0, 0, NULL, NULL, NULL, NULL, '0', NULL, NULL);
INSERT INTO `TOOL_MESSAGE_USER` VALUES ('c3748865920611ea83960242ac120005', 'c3722f95920611ea83960242ac120005', '1226046389771882498', 0, 0, NULL, NULL, NULL, NULL, '0', NULL, NULL);
INSERT INTO `TOOL_MESSAGE_USER` VALUES ('c374e9c1920611ea83960242ac120005', 'c3722f95920611ea83960242ac120005', '1226046389843185665', 0, 0, NULL, NULL, NULL, NULL, '0', NULL, NULL);
INSERT INTO `TOOL_MESSAGE_USER` VALUES ('c37532bc920611ea83960242ac120005', 'c3722f95920611ea83960242ac120005', '1226046389847379969', 0, 0, NULL, NULL, NULL, NULL, '0', NULL, NULL);
INSERT INTO `TOOL_MESSAGE_USER` VALUES ('c3759d2a920611ea83960242ac120005', 'c3722f95920611ea83960242ac120005', '1226046389855768578', 0, 0, NULL, NULL, NULL, NULL, '0', NULL, NULL);
INSERT INTO `TOOL_MESSAGE_USER` VALUES ('c37612ab920611ea83960242ac120005', 'c3722f95920611ea83960242ac120005', '1226525357927071746', 0, 0, NULL, NULL, NULL, NULL, '0', NULL, NULL);
INSERT INTO `TOOL_MESSAGE_USER` VALUES ('c37669c8920611ea83960242ac120005', 'c3722f95920611ea83960242ac120005', '1226525357973209090', 0, 0, NULL, NULL, NULL, NULL, '0', NULL, NULL);
INSERT INTO `TOOL_MESSAGE_USER` VALUES ('c376b0b4920611ea83960242ac120005', 'c3722f95920611ea83960242ac120005', '1226527893153153026', 0, 0, NULL, NULL, NULL, NULL, '0', NULL, NULL);
INSERT INTO `TOOL_MESSAGE_USER` VALUES ('c3770b19920611ea83960242ac120005', 'c3722f95920611ea83960242ac120005', '1226527893169930241', 0, 0, NULL, NULL, NULL, NULL, '0', NULL, NULL);
INSERT INTO `TOOL_MESSAGE_USER` VALUES ('c37a274d920611ea83960242ac120005', 'c3722f95920611ea83960242ac120005', '1256968282137714690', 0, 0, NULL, NULL, NULL, NULL, '0', NULL, NULL);
INSERT INTO `TOOL_MESSAGE_USER` VALUES ('c37a7191920611ea83960242ac120005', 'c3722f95920611ea83960242ac120005', '1256968282209017858', 0, 0, NULL, NULL, NULL, NULL, '0', NULL, NULL);
INSERT INTO `TOOL_MESSAGE_USER` VALUES ('c37ad079920611ea83960242ac120005', 'c3722f95920611ea83960242ac120005', '1256968282225795073', 0, 0, NULL, NULL, NULL, NULL, '0', NULL, NULL);
INSERT INTO `TOOL_MESSAGE_USER` VALUES ('c37b19d6920611ea83960242ac120005', 'c3722f95920611ea83960242ac120005', '1258236309533626370', 0, 0, NULL, NULL, NULL, NULL, '0', NULL, NULL);
INSERT INTO `TOOL_MESSAGE_USER` VALUES ('c37bdb5f920611ea83960242ac120005', 'c3722f95920611ea83960242ac120005', '1258377256380665858', 0, 1, NULL, NULL, NULL, NULL, '0', NULL, NULL);
INSERT INTO `TOOL_MESSAGE_USER` VALUES ('c37c447c920611ea83960242ac120005', 'c3722f95920611ea83960242ac120005', '1258635348406177794', 0, 0, NULL, NULL, NULL, NULL, '0', NULL, NULL);
INSERT INTO `TOOL_MESSAGE_USER` VALUES ('c37c8cc4920611ea83960242ac120005', 'c3722f95920611ea83960242ac120005', '1258640051105959938', 0, 0, NULL, NULL, NULL, NULL, '0', NULL, NULL);
INSERT INTO `TOOL_MESSAGE_USER` VALUES ('c37d404d920611ea83960242ac120005', 'c3722f95920611ea83960242ac120005', '1258648781084168194', 0, 0, NULL, NULL, NULL, NULL, '0', NULL, NULL);
INSERT INTO `TOOL_MESSAGE_USER` VALUES ('c381d534920611ea83960242ac120005', 'c3722f95920611ea83960242ac120005', '1258648781159665665', 0, 0, NULL, NULL, NULL, NULL, '0', NULL, NULL);
INSERT INTO `TOOL_MESSAGE_USER` VALUES ('c3866a68920611ea83960242ac120005', 'c3722f95920611ea83960242ac120005', '1258648781159665666', 0, 0, NULL, NULL, NULL, NULL, '0', NULL, NULL);
INSERT INTO `TOOL_MESSAGE_USER` VALUES ('c38b4aa3920611ea83960242ac120005', 'c3722f95920611ea83960242ac120005', '1259015957414678529', 0, 0, NULL, NULL, NULL, NULL, '0', NULL, NULL);
INSERT INTO `TOOL_MESSAGE_USER` VALUES ('c38e58c6920611ea83960242ac120005', 'c3722f95920611ea83960242ac120005', '1259104001207570434', 0, 0, NULL, NULL, NULL, NULL, '0', NULL, NULL);
INSERT INTO `TOOL_MESSAGE_USER` VALUES ('c3931437920611ea83960242ac120005', 'c3722f95920611ea83960242ac120005', '1259104001207570435', 0, 0, NULL, NULL, NULL, NULL, '0', NULL, NULL);
INSERT INTO `TOOL_MESSAGE_USER` VALUES ('c3978034920611ea83960242ac120005', 'c3722f95920611ea83960242ac120005', '1259104001207570436', 0, 0, NULL, NULL, NULL, NULL, '0', NULL, NULL);
INSERT INTO `TOOL_MESSAGE_USER` VALUES ('c45fd6a8918911ea83960242ac120005', 'c45f6e73918911ea83960242ac120005', '1', 0, 0, NULL, NULL, NULL, NULL, '0', NULL, NULL);
INSERT INTO `TOOL_MESSAGE_USER` VALUES ('c4603fc7918911ea83960242ac120005', 'c45f6e73918911ea83960242ac120005', '1225768204119322625', 0, 0, NULL, NULL, NULL, NULL, '0', NULL, NULL);
INSERT INTO `TOOL_MESSAGE_USER` VALUES ('c460846a918911ea83960242ac120005', 'c45f6e73918911ea83960242ac120005', '1225769011682226178', 0, 0, NULL, NULL, NULL, NULL, '0', NULL, NULL);
INSERT INTO `TOOL_MESSAGE_USER` VALUES ('c4617da3918911ea83960242ac120005', 'c45f6e73918911ea83960242ac120005', '1226046389771882498', 0, 0, NULL, NULL, NULL, NULL, '0', NULL, NULL);
INSERT INTO `TOOL_MESSAGE_USER` VALUES ('c461f135918911ea83960242ac120005', 'c45f6e73918911ea83960242ac120005', '1226046389843185665', 0, 0, NULL, NULL, NULL, NULL, '0', NULL, NULL);
INSERT INTO `TOOL_MESSAGE_USER` VALUES ('c4623ec0918911ea83960242ac120005', 'c45f6e73918911ea83960242ac120005', '1226046389847379969', 0, 0, NULL, NULL, NULL, NULL, '0', NULL, NULL);
INSERT INTO `TOOL_MESSAGE_USER` VALUES ('c46284f7918911ea83960242ac120005', 'c45f6e73918911ea83960242ac120005', '1226046389855768578', 0, 1, NULL, NULL, NULL, NULL, '0', NULL, NULL);
INSERT INTO `TOOL_MESSAGE_USER` VALUES ('c466bec6918911ea83960242ac120005', 'c45f6e73918911ea83960242ac120005', '1226525357927071746', 0, 0, NULL, NULL, NULL, NULL, '0', NULL, NULL);
INSERT INTO `TOOL_MESSAGE_USER` VALUES ('c4686365918911ea83960242ac120005', 'c45f6e73918911ea83960242ac120005', '1226525357973209090', 0, 0, NULL, NULL, NULL, NULL, '0', NULL, NULL);
INSERT INTO `TOOL_MESSAGE_USER` VALUES ('c46908cc918911ea83960242ac120005', 'c45f6e73918911ea83960242ac120005', '1226527893153153026', 0, 0, NULL, NULL, NULL, NULL, '0', NULL, NULL);
INSERT INTO `TOOL_MESSAGE_USER` VALUES ('c46960de918911ea83960242ac120005', 'c45f6e73918911ea83960242ac120005', '1226527893169930241', 0, 0, NULL, NULL, NULL, NULL, '0', NULL, NULL);
INSERT INTO `TOOL_MESSAGE_USER` VALUES ('c469a31f918911ea83960242ac120005', 'c45f6e73918911ea83960242ac120005', '1256968282137714690', 0, 0, NULL, NULL, NULL, NULL, '0', NULL, NULL);
INSERT INTO `TOOL_MESSAGE_USER` VALUES ('c46a3529918911ea83960242ac120005', 'c45f6e73918911ea83960242ac120005', '1256968282209017858', 0, 0, NULL, NULL, NULL, NULL, '0', NULL, NULL);
INSERT INTO `TOOL_MESSAGE_USER` VALUES ('c46adc42918911ea83960242ac120005', 'c45f6e73918911ea83960242ac120005', '1256968282225795073', 0, 0, NULL, NULL, NULL, NULL, '0', NULL, NULL);
INSERT INTO `TOOL_MESSAGE_USER` VALUES ('c46b5e0d918911ea83960242ac120005', 'c45f6e73918911ea83960242ac120005', '1258236309533626370', 0, 0, NULL, NULL, NULL, NULL, '0', NULL, NULL);
INSERT INTO `TOOL_MESSAGE_USER` VALUES ('c46bc312918911ea83960242ac120005', 'c45f6e73918911ea83960242ac120005', '1258377256380665858', 0, 1, NULL, NULL, NULL, NULL, '0', NULL, NULL);
INSERT INTO `TOOL_MESSAGE_USER` VALUES ('c46c10c4918911ea83960242ac120005', 'c45f6e73918911ea83960242ac120005', '1258635348406177794', 0, 0, NULL, NULL, NULL, NULL, '0', NULL, NULL);
INSERT INTO `TOOL_MESSAGE_USER` VALUES ('c46c7150918911ea83960242ac120005', 'c45f6e73918911ea83960242ac120005', '1258640051105959938', 0, 0, NULL, NULL, NULL, NULL, '0', NULL, NULL);
INSERT INTO `TOOL_MESSAGE_USER` VALUES ('c46cb981918911ea83960242ac120005', 'c45f6e73918911ea83960242ac120005', '1258648781084168194', 0, 0, NULL, NULL, NULL, NULL, '0', NULL, NULL);
INSERT INTO `TOOL_MESSAGE_USER` VALUES ('c46cfb88918911ea83960242ac120005', 'c45f6e73918911ea83960242ac120005', '1258648781159665665', 0, 0, NULL, NULL, NULL, NULL, '0', NULL, NULL);
INSERT INTO `TOOL_MESSAGE_USER` VALUES ('c46d3c15918911ea83960242ac120005', 'c45f6e73918911ea83960242ac120005', '1258648781159665666', 0, 0, NULL, NULL, NULL, NULL, '0', NULL, NULL);
INSERT INTO `TOOL_MESSAGE_USER` VALUES ('c8c112798da011ea83960242ac120005', 'c8c0246f8da011ea83960242ac120005', '10', 0, 1, NULL, NULL, NULL, NULL, '0', NULL, NULL);
INSERT INTO `TOOL_MESSAGE_USER` VALUES ('cabd4390918911ea83960242ac120005', 'cabca621918911ea83960242ac120005', '1', 0, 0, NULL, NULL, NULL, NULL, '0', NULL, NULL);
INSERT INTO `TOOL_MESSAGE_USER` VALUES ('cabd8932918911ea83960242ac120005', 'cabca621918911ea83960242ac120005', '1225768204119322625', 0, 0, NULL, NULL, NULL, NULL, '0', NULL, NULL);
INSERT INTO `TOOL_MESSAGE_USER` VALUES ('cabdc3e2918911ea83960242ac120005', 'cabca621918911ea83960242ac120005', '1225769011682226178', 0, 0, NULL, NULL, NULL, NULL, '0', NULL, NULL);
INSERT INTO `TOOL_MESSAGE_USER` VALUES ('cabe6c89918911ea83960242ac120005', 'cabca621918911ea83960242ac120005', '1226046389771882498', 0, 0, NULL, NULL, NULL, NULL, '0', NULL, NULL);
INSERT INTO `TOOL_MESSAGE_USER` VALUES ('cabf6664918911ea83960242ac120005', 'cabca621918911ea83960242ac120005', '1226046389843185665', 0, 0, NULL, NULL, NULL, NULL, '0', NULL, NULL);
INSERT INTO `TOOL_MESSAGE_USER` VALUES ('cabfbb3a918911ea83960242ac120005', 'cabca621918911ea83960242ac120005', '1226046389847379969', 0, 0, NULL, NULL, NULL, NULL, '0', NULL, NULL);
INSERT INTO `TOOL_MESSAGE_USER` VALUES ('cac08ab6918911ea83960242ac120005', 'cabca621918911ea83960242ac120005', '1226046389855768578', 0, 1, NULL, NULL, NULL, NULL, '0', NULL, NULL);
INSERT INTO `TOOL_MESSAGE_USER` VALUES ('cac0ee25918911ea83960242ac120005', 'cabca621918911ea83960242ac120005', '1226525357927071746', 0, 0, NULL, NULL, NULL, NULL, '0', NULL, NULL);
INSERT INTO `TOOL_MESSAGE_USER` VALUES ('cac1fc12918911ea83960242ac120005', 'cabca621918911ea83960242ac120005', '1226525357973209090', 0, 0, NULL, NULL, NULL, NULL, '0', NULL, NULL);
INSERT INTO `TOOL_MESSAGE_USER` VALUES ('cac25bf3918911ea83960242ac120005', 'cabca621918911ea83960242ac120005', '1226527893153153026', 0, 0, NULL, NULL, NULL, NULL, '0', NULL, NULL);
INSERT INTO `TOOL_MESSAGE_USER` VALUES ('cac2a089918911ea83960242ac120005', 'cabca621918911ea83960242ac120005', '1226527893169930241', 0, 0, NULL, NULL, NULL, NULL, '0', NULL, NULL);
INSERT INTO `TOOL_MESSAGE_USER` VALUES ('cac3d7de918911ea83960242ac120005', 'cabca621918911ea83960242ac120005', '1256968282137714690', 0, 0, NULL, NULL, NULL, NULL, '0', NULL, NULL);
INSERT INTO `TOOL_MESSAGE_USER` VALUES ('cac42c83918911ea83960242ac120005', 'cabca621918911ea83960242ac120005', '1256968282209017858', 0, 0, NULL, NULL, NULL, NULL, '0', NULL, NULL);
INSERT INTO `TOOL_MESSAGE_USER` VALUES ('cac48e8e918911ea83960242ac120005', 'cabca621918911ea83960242ac120005', '1256968282225795073', 0, 0, NULL, NULL, NULL, NULL, '0', NULL, NULL);
INSERT INTO `TOOL_MESSAGE_USER` VALUES ('cac4d91e918911ea83960242ac120005', 'cabca621918911ea83960242ac120005', '1258236309533626370', 0, 0, NULL, NULL, NULL, NULL, '0', NULL, NULL);
INSERT INTO `TOOL_MESSAGE_USER` VALUES ('cac824cd918911ea83960242ac120005', 'cabca621918911ea83960242ac120005', '1258377256380665858', 0, 1, NULL, NULL, NULL, NULL, '0', NULL, NULL);
INSERT INTO `TOOL_MESSAGE_USER` VALUES ('cac86eb1918911ea83960242ac120005', 'cabca621918911ea83960242ac120005', '1258635348406177794', 0, 0, NULL, NULL, NULL, NULL, '0', NULL, NULL);
INSERT INTO `TOOL_MESSAGE_USER` VALUES ('cac8b312918911ea83960242ac120005', 'cabca621918911ea83960242ac120005', '1258640051105959938', 0, 0, NULL, NULL, NULL, NULL, '0', NULL, NULL);
INSERT INTO `TOOL_MESSAGE_USER` VALUES ('cac938da918911ea83960242ac120005', 'cabca621918911ea83960242ac120005', '1258648781084168194', 0, 0, NULL, NULL, NULL, NULL, '0', NULL, NULL);
INSERT INTO `TOOL_MESSAGE_USER` VALUES ('cac98c2d918911ea83960242ac120005', 'cabca621918911ea83960242ac120005', '1258648781159665665', 0, 0, NULL, NULL, NULL, NULL, '0', NULL, NULL);
INSERT INTO `TOOL_MESSAGE_USER` VALUES ('cacb0d92918911ea83960242ac120005', 'cabca621918911ea83960242ac120005', '1258648781159665666', 0, 0, NULL, NULL, NULL, NULL, '0', NULL, NULL);
INSERT INTO `TOOL_MESSAGE_USER` VALUES ('d30a5c4491f011ea83960242ac120005', 'd30a05fe91f011ea83960242ac120005', '1', 0, 0, NULL, NULL, NULL, NULL, '0', NULL, NULL);
INSERT INTO `TOOL_MESSAGE_USER` VALUES ('d30aa25891f011ea83960242ac120005', 'd30a05fe91f011ea83960242ac120005', '1225768204119322625', 0, 0, NULL, NULL, NULL, NULL, '0', NULL, NULL);
INSERT INTO `TOOL_MESSAGE_USER` VALUES ('d30af7e391f011ea83960242ac120005', 'd30a05fe91f011ea83960242ac120005', '1225769011682226178', 0, 0, NULL, NULL, NULL, NULL, '0', NULL, NULL);
INSERT INTO `TOOL_MESSAGE_USER` VALUES ('d30b89f891f011ea83960242ac120005', 'd30a05fe91f011ea83960242ac120005', '1226046389771882498', 0, 0, NULL, NULL, NULL, NULL, '0', NULL, NULL);
INSERT INTO `TOOL_MESSAGE_USER` VALUES ('d30d7b8991f011ea83960242ac120005', 'd30a05fe91f011ea83960242ac120005', '1226046389843185665', 0, 0, NULL, NULL, NULL, NULL, '0', NULL, NULL);
INSERT INTO `TOOL_MESSAGE_USER` VALUES ('d30e088b91f011ea83960242ac120005', 'd30a05fe91f011ea83960242ac120005', '1226046389847379969', 0, 0, NULL, NULL, NULL, NULL, '0', NULL, NULL);
INSERT INTO `TOOL_MESSAGE_USER` VALUES ('d30e5ffe91f011ea83960242ac120005', 'd30a05fe91f011ea83960242ac120005', '1226046389855768578', 0, 0, NULL, NULL, NULL, NULL, '0', NULL, NULL);
INSERT INTO `TOOL_MESSAGE_USER` VALUES ('d30ee42091f011ea83960242ac120005', 'd30a05fe91f011ea83960242ac120005', '1226525357927071746', 0, 0, NULL, NULL, NULL, NULL, '0', NULL, NULL);
INSERT INTO `TOOL_MESSAGE_USER` VALUES ('d30ff2b291f011ea83960242ac120005', 'd30a05fe91f011ea83960242ac120005', '1226525357973209090', 0, 0, NULL, NULL, NULL, NULL, '0', NULL, NULL);
INSERT INTO `TOOL_MESSAGE_USER` VALUES ('d31060b191f011ea83960242ac120005', 'd30a05fe91f011ea83960242ac120005', '1226527893153153026', 0, 0, NULL, NULL, NULL, NULL, '0', NULL, NULL);
INSERT INTO `TOOL_MESSAGE_USER` VALUES ('d310c2c691f011ea83960242ac120005', 'd30a05fe91f011ea83960242ac120005', '1226527893169930241', 0, 0, NULL, NULL, NULL, NULL, '0', NULL, NULL);
INSERT INTO `TOOL_MESSAGE_USER` VALUES ('d313dd0a91f011ea83960242ac120005', 'd30a05fe91f011ea83960242ac120005', '1256968282137714690', 0, 0, NULL, NULL, NULL, NULL, '0', NULL, NULL);
INSERT INTO `TOOL_MESSAGE_USER` VALUES ('d314b3e191f011ea83960242ac120005', 'd30a05fe91f011ea83960242ac120005', '1256968282209017858', 0, 0, NULL, NULL, NULL, NULL, '0', NULL, NULL);
INSERT INTO `TOOL_MESSAGE_USER` VALUES ('d3152eb491f011ea83960242ac120005', 'd30a05fe91f011ea83960242ac120005', '1256968282225795073', 0, 0, NULL, NULL, NULL, NULL, '0', NULL, NULL);
INSERT INTO `TOOL_MESSAGE_USER` VALUES ('d315e70791f011ea83960242ac120005', 'd30a05fe91f011ea83960242ac120005', '1258236309533626370', 0, 0, NULL, NULL, NULL, NULL, '0', NULL, NULL);
INSERT INTO `TOOL_MESSAGE_USER` VALUES ('d316d79891f011ea83960242ac120005', 'd30a05fe91f011ea83960242ac120005', '1258377256380665858', 0, 1, NULL, NULL, NULL, NULL, '0', NULL, NULL);
INSERT INTO `TOOL_MESSAGE_USER` VALUES ('d31c704191f011ea83960242ac120005', 'd30a05fe91f011ea83960242ac120005', '1258635348406177794', 0, 0, NULL, NULL, NULL, NULL, '0', NULL, NULL);
INSERT INTO `TOOL_MESSAGE_USER` VALUES ('d31d241d91f011ea83960242ac120005', 'd30a05fe91f011ea83960242ac120005', '1258640051105959938', 0, 0, NULL, NULL, NULL, NULL, '0', NULL, NULL);
INSERT INTO `TOOL_MESSAGE_USER` VALUES ('d31d8ead91f011ea83960242ac120005', 'd30a05fe91f011ea83960242ac120005', '1258648781084168194', 0, 0, NULL, NULL, NULL, NULL, '0', NULL, NULL);
INSERT INTO `TOOL_MESSAGE_USER` VALUES ('d31e0d7391f011ea83960242ac120005', 'd30a05fe91f011ea83960242ac120005', '1258648781159665665', 0, 0, NULL, NULL, NULL, NULL, '0', NULL, NULL);
INSERT INTO `TOOL_MESSAGE_USER` VALUES ('d31e61e191f011ea83960242ac120005', 'd30a05fe91f011ea83960242ac120005', '1258648781159665666', 0, 0, NULL, NULL, NULL, NULL, '0', NULL, NULL);
INSERT INTO `TOOL_MESSAGE_USER` VALUES ('d31ebb5f91f011ea83960242ac120005', 'd30a05fe91f011ea83960242ac120005', '1259015957414678529', 0, 0, NULL, NULL, NULL, NULL, '0', NULL, NULL);
INSERT INTO `TOOL_MESSAGE_USER` VALUES ('d506725191d711ea83960242ac120005', 'd502f41f91d711ea83960242ac120005', '1', 0, 0, NULL, NULL, NULL, NULL, '0', NULL, NULL);
INSERT INTO `TOOL_MESSAGE_USER` VALUES ('d507277d91d711ea83960242ac120005', 'd502f41f91d711ea83960242ac120005', '1225768204119322625', 0, 0, NULL, NULL, NULL, NULL, '0', NULL, NULL);
INSERT INTO `TOOL_MESSAGE_USER` VALUES ('d507ada391d711ea83960242ac120005', 'd502f41f91d711ea83960242ac120005', '1225769011682226178', 0, 0, NULL, NULL, NULL, NULL, '0', NULL, NULL);
INSERT INTO `TOOL_MESSAGE_USER` VALUES ('d5092f4891d711ea83960242ac120005', 'd502f41f91d711ea83960242ac120005', '1226046389771882498', 0, 0, NULL, NULL, NULL, NULL, '0', NULL, NULL);
INSERT INTO `TOOL_MESSAGE_USER` VALUES ('d50e60e391d711ea83960242ac120005', 'd502f41f91d711ea83960242ac120005', '1226046389843185665', 0, 0, NULL, NULL, NULL, NULL, '0', NULL, NULL);
INSERT INTO `TOOL_MESSAGE_USER` VALUES ('d511e4fa91d711ea83960242ac120005', 'd502f41f91d711ea83960242ac120005', '1226046389847379969', 0, 0, NULL, NULL, NULL, NULL, '0', NULL, NULL);
INSERT INTO `TOOL_MESSAGE_USER` VALUES ('d516c92891d711ea83960242ac120005', 'd502f41f91d711ea83960242ac120005', '1226046389855768578', 0, 0, NULL, NULL, NULL, NULL, '0', NULL, NULL);
INSERT INTO `TOOL_MESSAGE_USER` VALUES ('d51a91f891d711ea83960242ac120005', 'd502f41f91d711ea83960242ac120005', '1226525357927071746', 0, 0, NULL, NULL, NULL, NULL, '0', NULL, NULL);
INSERT INTO `TOOL_MESSAGE_USER` VALUES ('d51eb4ac91d711ea83960242ac120005', 'd502f41f91d711ea83960242ac120005', '1226525357973209090', 0, 0, NULL, NULL, NULL, NULL, '0', NULL, NULL);
INSERT INTO `TOOL_MESSAGE_USER` VALUES ('d527da6091d711ea83960242ac120005', 'd502f41f91d711ea83960242ac120005', '1226527893153153026', 0, 0, NULL, NULL, NULL, NULL, '0', NULL, NULL);
INSERT INTO `TOOL_MESSAGE_USER` VALUES ('d52bd0f091d711ea83960242ac120005', 'd502f41f91d711ea83960242ac120005', '1226527893169930241', 0, 0, NULL, NULL, NULL, NULL, '0', NULL, NULL);
INSERT INTO `TOOL_MESSAGE_USER` VALUES ('d530dc1991d711ea83960242ac120005', 'd502f41f91d711ea83960242ac120005', '1256158916379676673', 0, 1, NULL, NULL, NULL, NULL, '0', NULL, NULL);
INSERT INTO `TOOL_MESSAGE_USER` VALUES ('d535bc0f91d711ea83960242ac120005', 'd502f41f91d711ea83960242ac120005', '1256968282137714690', 0, 0, NULL, NULL, NULL, NULL, '0', NULL, NULL);
INSERT INTO `TOOL_MESSAGE_USER` VALUES ('d53ac4f291d711ea83960242ac120005', 'd502f41f91d711ea83960242ac120005', '1256968282209017858', 0, 0, NULL, NULL, NULL, NULL, '0', NULL, NULL);
INSERT INTO `TOOL_MESSAGE_USER` VALUES ('d53f821391d711ea83960242ac120005', 'd502f41f91d711ea83960242ac120005', '1256968282225795073', 0, 0, NULL, NULL, NULL, NULL, '0', NULL, NULL);
INSERT INTO `TOOL_MESSAGE_USER` VALUES ('d544b04a91d711ea83960242ac120005', 'd502f41f91d711ea83960242ac120005', '1258236309533626370', 0, 0, NULL, NULL, NULL, NULL, '0', NULL, NULL);
INSERT INTO `TOOL_MESSAGE_USER` VALUES ('d547464d91d711ea83960242ac120005', 'd502f41f91d711ea83960242ac120005', '1258635348406177794', 0, 0, NULL, NULL, NULL, NULL, '0', NULL, NULL);
INSERT INTO `TOOL_MESSAGE_USER` VALUES ('d54c53a791d711ea83960242ac120005', 'd502f41f91d711ea83960242ac120005', '1258640051105959938', 0, 0, NULL, NULL, NULL, NULL, '0', NULL, NULL);
INSERT INTO `TOOL_MESSAGE_USER` VALUES ('d55133fc91d711ea83960242ac120005', 'd502f41f91d711ea83960242ac120005', '1258648781084168194', 0, 0, NULL, NULL, NULL, NULL, '0', NULL, NULL);
INSERT INTO `TOOL_MESSAGE_USER` VALUES ('d5563c4591d711ea83960242ac120005', 'd502f41f91d711ea83960242ac120005', '1258648781159665665', 0, 0, NULL, NULL, NULL, NULL, '0', NULL, NULL);
INSERT INTO `TOOL_MESSAGE_USER` VALUES ('d55aabcf91d711ea83960242ac120005', 'd502f41f91d711ea83960242ac120005', '1258648781159665666', 0, 0, NULL, NULL, NULL, NULL, '0', NULL, NULL);
INSERT INTO `TOOL_MESSAGE_USER` VALUES ('d56054ea91d711ea83960242ac120005', 'd502f41f91d711ea83960242ac120005', '1259015957414678529', 0, 0, NULL, NULL, NULL, NULL, '0', NULL, NULL);
INSERT INTO `TOOL_MESSAGE_USER` VALUES ('d76a8546925911ea83960242ac120005', 'd769227d925911ea83960242ac120005', '1', 0, 0, NULL, NULL, NULL, NULL, '0', NULL, NULL);
INSERT INTO `TOOL_MESSAGE_USER` VALUES ('d76b2531925911ea83960242ac120005', 'd769227d925911ea83960242ac120005', '1225768204119322625', 0, 0, NULL, NULL, NULL, NULL, '0', NULL, NULL);
INSERT INTO `TOOL_MESSAGE_USER` VALUES ('d76b692c925911ea83960242ac120005', 'd769227d925911ea83960242ac120005', '1225769011682226178', 0, 0, NULL, NULL, NULL, NULL, '0', NULL, NULL);
INSERT INTO `TOOL_MESSAGE_USER` VALUES ('d76ba668925911ea83960242ac120005', 'd769227d925911ea83960242ac120005', '1226046389771882498', 0, 0, NULL, NULL, NULL, NULL, '0', NULL, NULL);
INSERT INTO `TOOL_MESSAGE_USER` VALUES ('d76bdead925911ea83960242ac120005', 'd769227d925911ea83960242ac120005', '1226046389843185665', 0, 0, NULL, NULL, NULL, NULL, '0', NULL, NULL);
INSERT INTO `TOOL_MESSAGE_USER` VALUES ('d76c1e65925911ea83960242ac120005', 'd769227d925911ea83960242ac120005', '1226046389847379969', 0, 0, NULL, NULL, NULL, NULL, '0', NULL, NULL);
INSERT INTO `TOOL_MESSAGE_USER` VALUES ('d76c6240925911ea83960242ac120005', 'd769227d925911ea83960242ac120005', '1226046389855768578', 0, 0, NULL, NULL, NULL, NULL, '0', NULL, NULL);
INSERT INTO `TOOL_MESSAGE_USER` VALUES ('d76cc1c8925911ea83960242ac120005', 'd769227d925911ea83960242ac120005', '1226525357927071746', 0, 0, NULL, NULL, NULL, NULL, '0', NULL, NULL);
INSERT INTO `TOOL_MESSAGE_USER` VALUES ('d76d1304925911ea83960242ac120005', 'd769227d925911ea83960242ac120005', '1226525357973209090', 0, 0, NULL, NULL, NULL, NULL, '0', NULL, NULL);
INSERT INTO `TOOL_MESSAGE_USER` VALUES ('d76d50e3925911ea83960242ac120005', 'd769227d925911ea83960242ac120005', '1226527893153153026', 0, 0, NULL, NULL, NULL, NULL, '0', NULL, NULL);
INSERT INTO `TOOL_MESSAGE_USER` VALUES ('d76d88ab925911ea83960242ac120005', 'd769227d925911ea83960242ac120005', '1226527893169930241', 0, 0, NULL, NULL, NULL, NULL, '0', NULL, NULL);
INSERT INTO `TOOL_MESSAGE_USER` VALUES ('d76dd845925911ea83960242ac120005', 'd769227d925911ea83960242ac120005', '1256968282137714690', 0, 0, NULL, NULL, NULL, NULL, '0', NULL, NULL);
INSERT INTO `TOOL_MESSAGE_USER` VALUES ('d76e1aa8925911ea83960242ac120005', 'd769227d925911ea83960242ac120005', '1256968282209017858', 0, 0, NULL, NULL, NULL, NULL, '0', NULL, NULL);
INSERT INTO `TOOL_MESSAGE_USER` VALUES ('d76e6cff925911ea83960242ac120005', 'd769227d925911ea83960242ac120005', '1256968282225795073', 0, 0, NULL, NULL, NULL, NULL, '0', NULL, NULL);
INSERT INTO `TOOL_MESSAGE_USER` VALUES ('d76ec335925911ea83960242ac120005', 'd769227d925911ea83960242ac120005', '1258236309533626370', 0, 0, NULL, NULL, NULL, NULL, '0', NULL, NULL);
INSERT INTO `TOOL_MESSAGE_USER` VALUES ('d76f02da925911ea83960242ac120005', 'd769227d925911ea83960242ac120005', '1258377256380665858', 0, 1, NULL, NULL, NULL, NULL, '0', NULL, NULL);
INSERT INTO `TOOL_MESSAGE_USER` VALUES ('d76f3dfb925911ea83960242ac120005', 'd769227d925911ea83960242ac120005', '1258635348406177794', 0, 0, NULL, NULL, NULL, NULL, '0', NULL, NULL);
INSERT INTO `TOOL_MESSAGE_USER` VALUES ('d76f7dfb925911ea83960242ac120005', 'd769227d925911ea83960242ac120005', '1258640051105959938', 0, 0, NULL, NULL, NULL, NULL, '0', NULL, NULL);
INSERT INTO `TOOL_MESSAGE_USER` VALUES ('d770a0ab925911ea83960242ac120005', 'd769227d925911ea83960242ac120005', '1258648781084168194', 0, 0, NULL, NULL, NULL, NULL, '0', NULL, NULL);
INSERT INTO `TOOL_MESSAGE_USER` VALUES ('d770e1b6925911ea83960242ac120005', 'd769227d925911ea83960242ac120005', '1258648781159665665', 0, 0, NULL, NULL, NULL, NULL, '0', NULL, NULL);
INSERT INTO `TOOL_MESSAGE_USER` VALUES ('d771184f925911ea83960242ac120005', 'd769227d925911ea83960242ac120005', '1258648781159665666', 0, 0, NULL, NULL, NULL, NULL, '0', NULL, NULL);
INSERT INTO `TOOL_MESSAGE_USER` VALUES ('d7714fc6925911ea83960242ac120005', 'd769227d925911ea83960242ac120005', '1259015957414678529', 0, 0, NULL, NULL, NULL, NULL, '0', NULL, NULL);
INSERT INTO `TOOL_MESSAGE_USER` VALUES ('d771a777925911ea83960242ac120005', 'd769227d925911ea83960242ac120005', '1259104001207570434', 0, 0, NULL, NULL, NULL, NULL, '0', NULL, NULL);
INSERT INTO `TOOL_MESSAGE_USER` VALUES ('d771e2be925911ea83960242ac120005', 'd769227d925911ea83960242ac120005', '1259104001207570435', 0, 0, NULL, NULL, NULL, NULL, '0', NULL, NULL);
INSERT INTO `TOOL_MESSAGE_USER` VALUES ('d77219eb925911ea83960242ac120005', 'd769227d925911ea83960242ac120005', '1259104001207570436', 0, 0, NULL, NULL, NULL, NULL, '0', NULL, NULL);
INSERT INTO `TOOL_MESSAGE_USER` VALUES ('db85c233918811ea83960242ac120005', 'db84d433918811ea83960242ac120005', '1', 0, 0, NULL, NULL, NULL, NULL, '0', NULL, NULL);
INSERT INTO `TOOL_MESSAGE_USER` VALUES ('db867721918811ea83960242ac120005', 'db84d433918811ea83960242ac120005', '1225768204119322625', 0, 0, NULL, NULL, NULL, NULL, '0', NULL, NULL);
INSERT INTO `TOOL_MESSAGE_USER` VALUES ('db86e858918811ea83960242ac120005', 'db84d433918811ea83960242ac120005', '1225769011682226178', 0, 0, NULL, NULL, NULL, NULL, '0', NULL, NULL);
INSERT INTO `TOOL_MESSAGE_USER` VALUES ('db874fac918811ea83960242ac120005', 'db84d433918811ea83960242ac120005', '1226046389771882498', 0, 0, NULL, NULL, NULL, NULL, '0', NULL, NULL);
INSERT INTO `TOOL_MESSAGE_USER` VALUES ('db879b66918811ea83960242ac120005', 'db84d433918811ea83960242ac120005', '1226046389843185665', 0, 0, NULL, NULL, NULL, NULL, '0', NULL, NULL);
INSERT INTO `TOOL_MESSAGE_USER` VALUES ('db87e11e918811ea83960242ac120005', 'db84d433918811ea83960242ac120005', '1226046389847379969', 0, 0, NULL, NULL, NULL, NULL, '0', NULL, NULL);
INSERT INTO `TOOL_MESSAGE_USER` VALUES ('db882868918811ea83960242ac120005', 'db84d433918811ea83960242ac120005', '1226046389855768578', 0, 1, NULL, NULL, NULL, NULL, '0', NULL, NULL);
INSERT INTO `TOOL_MESSAGE_USER` VALUES ('db89eefd918811ea83960242ac120005', 'db84d433918811ea83960242ac120005', '1226525357927071746', 0, 0, NULL, NULL, NULL, NULL, '0', NULL, NULL);
INSERT INTO `TOOL_MESSAGE_USER` VALUES ('db8b17d2918811ea83960242ac120005', 'db84d433918811ea83960242ac120005', '1226525357973209090', 0, 0, NULL, NULL, NULL, NULL, '0', NULL, NULL);
INSERT INTO `TOOL_MESSAGE_USER` VALUES ('db8b6582918811ea83960242ac120005', 'db84d433918811ea83960242ac120005', '1226527893153153026', 0, 0, NULL, NULL, NULL, NULL, '0', NULL, NULL);
INSERT INTO `TOOL_MESSAGE_USER` VALUES ('db8bbe04918811ea83960242ac120005', 'db84d433918811ea83960242ac120005', '1226527893169930241', 0, 0, NULL, NULL, NULL, NULL, '0', NULL, NULL);
INSERT INTO `TOOL_MESSAGE_USER` VALUES ('db8c0ac2918811ea83960242ac120005', 'db84d433918811ea83960242ac120005', '1256968282137714690', 0, 0, NULL, NULL, NULL, NULL, '0', NULL, NULL);
INSERT INTO `TOOL_MESSAGE_USER` VALUES ('db8c6a99918811ea83960242ac120005', 'db84d433918811ea83960242ac120005', '1256968282209017858', 0, 0, NULL, NULL, NULL, NULL, '0', NULL, NULL);
INSERT INTO `TOOL_MESSAGE_USER` VALUES ('db8ce967918811ea83960242ac120005', 'db84d433918811ea83960242ac120005', '1256968282225795073', 0, 0, NULL, NULL, NULL, NULL, '0', NULL, NULL);
INSERT INTO `TOOL_MESSAGE_USER` VALUES ('db8d3cb9918811ea83960242ac120005', 'db84d433918811ea83960242ac120005', '1258236309533626370', 0, 0, NULL, NULL, NULL, NULL, '0', NULL, NULL);
INSERT INTO `TOOL_MESSAGE_USER` VALUES ('db8db01d918811ea83960242ac120005', 'db84d433918811ea83960242ac120005', '1258377256380665858', 0, 1, NULL, NULL, NULL, NULL, '0', NULL, NULL);
INSERT INTO `TOOL_MESSAGE_USER` VALUES ('db8e338c918811ea83960242ac120005', 'db84d433918811ea83960242ac120005', '1258635348406177794', 0, 0, NULL, NULL, NULL, NULL, '0', NULL, NULL);
INSERT INTO `TOOL_MESSAGE_USER` VALUES ('db8e7850918811ea83960242ac120005', 'db84d433918811ea83960242ac120005', '1258640051105959938', 0, 0, NULL, NULL, NULL, NULL, '0', NULL, NULL);
INSERT INTO `TOOL_MESSAGE_USER` VALUES ('db8eb72a918811ea83960242ac120005', 'db84d433918811ea83960242ac120005', '1258648781084168194', 0, 0, NULL, NULL, NULL, NULL, '0', NULL, NULL);
INSERT INTO `TOOL_MESSAGE_USER` VALUES ('db8ef3b1918811ea83960242ac120005', 'db84d433918811ea83960242ac120005', '1258648781159665665', 0, 0, NULL, NULL, NULL, NULL, '0', NULL, NULL);
INSERT INTO `TOOL_MESSAGE_USER` VALUES ('db8f3953918811ea83960242ac120005', 'db84d433918811ea83960242ac120005', '1258648781159665666', 0, 0, NULL, NULL, NULL, NULL, '0', NULL, NULL);
INSERT INTO `TOOL_MESSAGE_USER` VALUES ('e216f763918811ea83960242ac120005', 'e215a340918811ea83960242ac120005', '1', 0, 0, NULL, NULL, NULL, NULL, '0', NULL, NULL);
INSERT INTO `TOOL_MESSAGE_USER` VALUES ('e21776ab918811ea83960242ac120005', 'e215a340918811ea83960242ac120005', '1225768204119322625', 0, 0, NULL, NULL, NULL, NULL, '0', NULL, NULL);
INSERT INTO `TOOL_MESSAGE_USER` VALUES ('e217b57b918811ea83960242ac120005', 'e215a340918811ea83960242ac120005', '1225769011682226178', 0, 0, NULL, NULL, NULL, NULL, '0', NULL, NULL);
INSERT INTO `TOOL_MESSAGE_USER` VALUES ('e21843e3918811ea83960242ac120005', 'e215a340918811ea83960242ac120005', '1226046389771882498', 0, 0, NULL, NULL, NULL, NULL, '0', NULL, NULL);
INSERT INTO `TOOL_MESSAGE_USER` VALUES ('e21b87fd918811ea83960242ac120005', 'e215a340918811ea83960242ac120005', '1226046389843185665', 0, 0, NULL, NULL, NULL, NULL, '0', NULL, NULL);
INSERT INTO `TOOL_MESSAGE_USER` VALUES ('e21c0f8f918811ea83960242ac120005', 'e215a340918811ea83960242ac120005', '1226046389847379969', 0, 0, NULL, NULL, NULL, NULL, '0', NULL, NULL);
INSERT INTO `TOOL_MESSAGE_USER` VALUES ('e21d3638918811ea83960242ac120005', 'e215a340918811ea83960242ac120005', '1226046389855768578', 0, 1, NULL, NULL, NULL, NULL, '0', NULL, NULL);
INSERT INTO `TOOL_MESSAGE_USER` VALUES ('e220ba31918811ea83960242ac120005', 'e215a340918811ea83960242ac120005', '1226525357927071746', 0, 0, NULL, NULL, NULL, NULL, '0', NULL, NULL);
INSERT INTO `TOOL_MESSAGE_USER` VALUES ('e223ee5e918811ea83960242ac120005', 'e215a340918811ea83960242ac120005', '1226525357973209090', 0, 0, NULL, NULL, NULL, NULL, '0', NULL, NULL);
INSERT INTO `TOOL_MESSAGE_USER` VALUES ('e225bd3d918811ea83960242ac120005', 'e215a340918811ea83960242ac120005', '1226527893153153026', 0, 0, NULL, NULL, NULL, NULL, '0', NULL, NULL);
INSERT INTO `TOOL_MESSAGE_USER` VALUES ('e226055b918811ea83960242ac120005', 'e215a340918811ea83960242ac120005', '1226527893169930241', 0, 0, NULL, NULL, NULL, NULL, '0', NULL, NULL);
INSERT INTO `TOOL_MESSAGE_USER` VALUES ('e22672bd918811ea83960242ac120005', 'e215a340918811ea83960242ac120005', '1256968282137714690', 0, 0, NULL, NULL, NULL, NULL, '0', NULL, NULL);
INSERT INTO `TOOL_MESSAGE_USER` VALUES ('e226c250918811ea83960242ac120005', 'e215a340918811ea83960242ac120005', '1256968282209017858', 0, 0, NULL, NULL, NULL, NULL, '0', NULL, NULL);
INSERT INTO `TOOL_MESSAGE_USER` VALUES ('e226ffd2918811ea83960242ac120005', 'e215a340918811ea83960242ac120005', '1256968282225795073', 0, 0, NULL, NULL, NULL, NULL, '0', NULL, NULL);
INSERT INTO `TOOL_MESSAGE_USER` VALUES ('e2273f85918811ea83960242ac120005', 'e215a340918811ea83960242ac120005', '1258236309533626370', 0, 0, NULL, NULL, NULL, NULL, '0', NULL, NULL);
INSERT INTO `TOOL_MESSAGE_USER` VALUES ('e2278702918811ea83960242ac120005', 'e215a340918811ea83960242ac120005', '1258377256380665858', 0, 1, NULL, NULL, NULL, NULL, '0', NULL, NULL);
INSERT INTO `TOOL_MESSAGE_USER` VALUES ('e227c169918811ea83960242ac120005', 'e215a340918811ea83960242ac120005', '1258635348406177794', 0, 0, NULL, NULL, NULL, NULL, '0', NULL, NULL);
INSERT INTO `TOOL_MESSAGE_USER` VALUES ('e2287c04918811ea83960242ac120005', 'e215a340918811ea83960242ac120005', '1258640051105959938', 0, 0, NULL, NULL, NULL, NULL, '0', NULL, NULL);
INSERT INTO `TOOL_MESSAGE_USER` VALUES ('e228bf61918811ea83960242ac120005', 'e215a340918811ea83960242ac120005', '1258648781084168194', 0, 0, NULL, NULL, NULL, NULL, '0', NULL, NULL);
INSERT INTO `TOOL_MESSAGE_USER` VALUES ('e22bb4f6918811ea83960242ac120005', 'e215a340918811ea83960242ac120005', '1258648781159665665', 0, 0, NULL, NULL, NULL, NULL, '0', NULL, NULL);
INSERT INTO `TOOL_MESSAGE_USER` VALUES ('e22ebcf4918811ea83960242ac120005', 'e215a340918811ea83960242ac120005', '1258648781159665666', 0, 0, NULL, NULL, NULL, NULL, '0', NULL, NULL);
INSERT INTO `TOOL_MESSAGE_USER` VALUES ('e48a51ff920c11ea83960242ac120005', 'e489f5e6920c11ea83960242ac120005', '1', 0, 0, NULL, NULL, NULL, NULL, '0', NULL, NULL);
INSERT INTO `TOOL_MESSAGE_USER` VALUES ('e48ad713920c11ea83960242ac120005', 'e489f5e6920c11ea83960242ac120005', '1225768204119322625', 0, 0, NULL, NULL, NULL, NULL, '0', NULL, NULL);
INSERT INTO `TOOL_MESSAGE_USER` VALUES ('e48b34d2920c11ea83960242ac120005', 'e489f5e6920c11ea83960242ac120005', '1225769011682226178', 0, 0, NULL, NULL, NULL, NULL, '0', NULL, NULL);
INSERT INTO `TOOL_MESSAGE_USER` VALUES ('e48b7dc4920c11ea83960242ac120005', 'e489f5e6920c11ea83960242ac120005', '1226046389771882498', 0, 0, NULL, NULL, NULL, NULL, '0', NULL, NULL);
INSERT INTO `TOOL_MESSAGE_USER` VALUES ('e48c2141920c11ea83960242ac120005', 'e489f5e6920c11ea83960242ac120005', '1226046389843185665', 0, 0, NULL, NULL, NULL, NULL, '0', NULL, NULL);
INSERT INTO `TOOL_MESSAGE_USER` VALUES ('e48c5dfc920c11ea83960242ac120005', 'e489f5e6920c11ea83960242ac120005', '1226046389847379969', 0, 0, NULL, NULL, NULL, NULL, '0', NULL, NULL);
INSERT INTO `TOOL_MESSAGE_USER` VALUES ('e48c9a8b920c11ea83960242ac120005', 'e489f5e6920c11ea83960242ac120005', '1226046389855768578', 0, 0, NULL, NULL, NULL, NULL, '0', NULL, NULL);
INSERT INTO `TOOL_MESSAGE_USER` VALUES ('e48cd312920c11ea83960242ac120005', 'e489f5e6920c11ea83960242ac120005', '1226525357927071746', 0, 0, NULL, NULL, NULL, NULL, '0', NULL, NULL);
INSERT INTO `TOOL_MESSAGE_USER` VALUES ('e48d08cc920c11ea83960242ac120005', 'e489f5e6920c11ea83960242ac120005', '1226525357973209090', 0, 0, NULL, NULL, NULL, NULL, '0', NULL, NULL);
INSERT INTO `TOOL_MESSAGE_USER` VALUES ('e48d4f26920c11ea83960242ac120005', 'e489f5e6920c11ea83960242ac120005', '1226527893153153026', 0, 0, NULL, NULL, NULL, NULL, '0', NULL, NULL);
INSERT INTO `TOOL_MESSAGE_USER` VALUES ('e48dbe21920c11ea83960242ac120005', 'e489f5e6920c11ea83960242ac120005', '1226527893169930241', 0, 0, NULL, NULL, NULL, NULL, '0', NULL, NULL);
INSERT INTO `TOOL_MESSAGE_USER` VALUES ('e48e3e48920c11ea83960242ac120005', 'e489f5e6920c11ea83960242ac120005', '1256158916379676673', 0, 1, NULL, NULL, NULL, NULL, '0', NULL, NULL);
INSERT INTO `TOOL_MESSAGE_USER` VALUES ('e48e8a34920c11ea83960242ac120005', 'e489f5e6920c11ea83960242ac120005', '1256968282137714690', 0, 0, NULL, NULL, NULL, NULL, '0', NULL, NULL);
INSERT INTO `TOOL_MESSAGE_USER` VALUES ('e48ef950920c11ea83960242ac120005', 'e489f5e6920c11ea83960242ac120005', '1256968282209017858', 0, 0, NULL, NULL, NULL, NULL, '0', NULL, NULL);
INSERT INTO `TOOL_MESSAGE_USER` VALUES ('e48f5453920c11ea83960242ac120005', 'e489f5e6920c11ea83960242ac120005', '1256968282225795073', 0, 0, NULL, NULL, NULL, NULL, '0', NULL, NULL);
INSERT INTO `TOOL_MESSAGE_USER` VALUES ('e48fb94d920c11ea83960242ac120005', 'e489f5e6920c11ea83960242ac120005', '1258236309533626370', 0, 0, NULL, NULL, NULL, NULL, '0', NULL, NULL);
INSERT INTO `TOOL_MESSAGE_USER` VALUES ('e490000a920c11ea83960242ac120005', 'e489f5e6920c11ea83960242ac120005', '1258635348406177794', 0, 0, NULL, NULL, NULL, NULL, '0', NULL, NULL);
INSERT INTO `TOOL_MESSAGE_USER` VALUES ('e490767a920c11ea83960242ac120005', 'e489f5e6920c11ea83960242ac120005', '1258640051105959938', 0, 0, NULL, NULL, NULL, NULL, '0', NULL, NULL);
INSERT INTO `TOOL_MESSAGE_USER` VALUES ('e4925a8e920c11ea83960242ac120005', 'e489f5e6920c11ea83960242ac120005', '1258648781084168194', 0, 0, NULL, NULL, NULL, NULL, '0', NULL, NULL);
INSERT INTO `TOOL_MESSAGE_USER` VALUES ('e496e161920c11ea83960242ac120005', 'e489f5e6920c11ea83960242ac120005', '1258648781159665665', 0, 0, NULL, NULL, NULL, NULL, '0', NULL, NULL);
INSERT INTO `TOOL_MESSAGE_USER` VALUES ('e4990ac0920c11ea83960242ac120005', 'e489f5e6920c11ea83960242ac120005', '1258648781159665666', 0, 0, NULL, NULL, NULL, NULL, '0', NULL, NULL);
INSERT INTO `TOOL_MESSAGE_USER` VALUES ('e49971da920c11ea83960242ac120005', 'e489f5e6920c11ea83960242ac120005', '1259015957414678529', 0, 0, NULL, NULL, NULL, NULL, '0', NULL, NULL);
INSERT INTO `TOOL_MESSAGE_USER` VALUES ('e499d54a920c11ea83960242ac120005', 'e489f5e6920c11ea83960242ac120005', '1259104001207570434', 0, 0, NULL, NULL, NULL, NULL, '0', NULL, NULL);
INSERT INTO `TOOL_MESSAGE_USER` VALUES ('e49db8a1920c11ea83960242ac120005', 'e489f5e6920c11ea83960242ac120005', '1259104001207570435', 0, 0, NULL, NULL, NULL, NULL, '0', NULL, NULL);
INSERT INTO `TOOL_MESSAGE_USER` VALUES ('e4a13cab920c11ea83960242ac120005', 'e489f5e6920c11ea83960242ac120005', '1259104001207570436', 0, 0, NULL, NULL, NULL, NULL, '0', NULL, NULL);
INSERT INTO `TOOL_MESSAGE_USER` VALUES ('ec089293918a11ea83960242ac120005', 'ec083cf7918a11ea83960242ac120005', '1', 0, 0, NULL, NULL, NULL, NULL, '0', NULL, NULL);
INSERT INTO `TOOL_MESSAGE_USER` VALUES ('ec0a2f24918a11ea83960242ac120005', 'ec083cf7918a11ea83960242ac120005', '1225768204119322625', 0, 0, NULL, NULL, NULL, NULL, '0', NULL, NULL);
INSERT INTO `TOOL_MESSAGE_USER` VALUES ('ec0f3852918a11ea83960242ac120005', 'ec083cf7918a11ea83960242ac120005', '1225769011682226178', 0, 0, NULL, NULL, NULL, NULL, '0', NULL, NULL);
INSERT INTO `TOOL_MESSAGE_USER` VALUES ('ec12461c918a11ea83960242ac120005', 'ec083cf7918a11ea83960242ac120005', '1226046389771882498', 0, 0, NULL, NULL, NULL, NULL, '0', NULL, NULL);
INSERT INTO `TOOL_MESSAGE_USER` VALUES ('ec15a474918a11ea83960242ac120005', 'ec083cf7918a11ea83960242ac120005', '1226046389843185665', 0, 0, NULL, NULL, NULL, NULL, '0', NULL, NULL);
INSERT INTO `TOOL_MESSAGE_USER` VALUES ('ec1b1ef3918a11ea83960242ac120005', 'ec083cf7918a11ea83960242ac120005', '1226046389847379969', 0, 0, NULL, NULL, NULL, NULL, '0', NULL, NULL);
INSERT INTO `TOOL_MESSAGE_USER` VALUES ('ec1e0526918a11ea83960242ac120005', 'ec083cf7918a11ea83960242ac120005', '1226046389855768578', 0, 1, NULL, NULL, NULL, NULL, '0', NULL, NULL);
INSERT INTO `TOOL_MESSAGE_USER` VALUES ('ec22c085918a11ea83960242ac120005', 'ec083cf7918a11ea83960242ac120005', '1226525357927071746', 0, 0, NULL, NULL, NULL, NULL, '0', NULL, NULL);
INSERT INTO `TOOL_MESSAGE_USER` VALUES ('ec272d53918a11ea83960242ac120005', 'ec083cf7918a11ea83960242ac120005', '1226525357973209090', 0, 0, NULL, NULL, NULL, NULL, '0', NULL, NULL);
INSERT INTO `TOOL_MESSAGE_USER` VALUES ('ec2ad69d918a11ea83960242ac120005', 'ec083cf7918a11ea83960242ac120005', '1226527893153153026', 0, 0, NULL, NULL, NULL, NULL, '0', NULL, NULL);
INSERT INTO `TOOL_MESSAGE_USER` VALUES ('ec2edc90918a11ea83960242ac120005', 'ec083cf7918a11ea83960242ac120005', '1226527893169930241', 0, 0, NULL, NULL, NULL, NULL, '0', NULL, NULL);
INSERT INTO `TOOL_MESSAGE_USER` VALUES ('ec307dbc918a11ea83960242ac120005', 'ec083cf7918a11ea83960242ac120005', '1256968282137714690', 0, 0, NULL, NULL, NULL, NULL, '0', NULL, NULL);
INSERT INTO `TOOL_MESSAGE_USER` VALUES ('ec349a61918a11ea83960242ac120005', 'ec083cf7918a11ea83960242ac120005', '1256968282209017858', 0, 0, NULL, NULL, NULL, NULL, '0', NULL, NULL);
INSERT INTO `TOOL_MESSAGE_USER` VALUES ('ec386b49918a11ea83960242ac120005', 'ec083cf7918a11ea83960242ac120005', '1256968282225795073', 0, 0, NULL, NULL, NULL, NULL, '0', NULL, NULL);
INSERT INTO `TOOL_MESSAGE_USER` VALUES ('ec3d7525918a11ea83960242ac120005', 'ec083cf7918a11ea83960242ac120005', '1258236309533626370', 0, 0, NULL, NULL, NULL, NULL, '0', NULL, NULL);
INSERT INTO `TOOL_MESSAGE_USER` VALUES ('ec4255fd918a11ea83960242ac120005', 'ec083cf7918a11ea83960242ac120005', '1258377256380665858', 0, 1, NULL, NULL, NULL, NULL, '0', NULL, NULL);
INSERT INTO `TOOL_MESSAGE_USER` VALUES ('ec460185918a11ea83960242ac120005', 'ec083cf7918a11ea83960242ac120005', '1258635348406177794', 0, 0, NULL, NULL, NULL, NULL, '0', NULL, NULL);
INSERT INTO `TOOL_MESSAGE_USER` VALUES ('ec49a8e3918a11ea83960242ac120005', 'ec083cf7918a11ea83960242ac120005', '1258640051105959938', 0, 0, NULL, NULL, NULL, NULL, '0', NULL, NULL);
INSERT INTO `TOOL_MESSAGE_USER` VALUES ('ec4e3b93918a11ea83960242ac120005', 'ec083cf7918a11ea83960242ac120005', '1258648781084168194', 0, 0, NULL, NULL, NULL, NULL, '0', NULL, NULL);
INSERT INTO `TOOL_MESSAGE_USER` VALUES ('ec534601918a11ea83960242ac120005', 'ec083cf7918a11ea83960242ac120005', '1258648781159665665', 0, 0, NULL, NULL, NULL, NULL, '0', NULL, NULL);
INSERT INTO `TOOL_MESSAGE_USER` VALUES ('ec57b2e1918a11ea83960242ac120005', 'ec083cf7918a11ea83960242ac120005', '1258648781159665666', 0, 0, NULL, NULL, NULL, NULL, '0', NULL, NULL);
INSERT INTO `TOOL_MESSAGE_USER` VALUES ('f1086735914711ea83960242ac120005', 'f10339f4914711ea83960242ac120005', '1', 0, 0, NULL, NULL, NULL, NULL, '0', NULL, NULL);
INSERT INTO `TOOL_MESSAGE_USER` VALUES ('f10fbb26914711ea83960242ac120005', 'f10339f4914711ea83960242ac120005', '1225769011682226178', 0, 0, NULL, NULL, NULL, NULL, '0', NULL, NULL);
INSERT INTO `TOOL_MESSAGE_USER` VALUES ('f113dc1a914711ea83960242ac120005', 'f10339f4914711ea83960242ac120005', '1226046389771882498', 0, 0, NULL, NULL, NULL, NULL, '0', NULL, NULL);
INSERT INTO `TOOL_MESSAGE_USER` VALUES ('f11933b7914711ea83960242ac120005', 'f10339f4914711ea83960242ac120005', '1226046389843185665', 0, 0, NULL, NULL, NULL, NULL, '0', NULL, NULL);
INSERT INTO `TOOL_MESSAGE_USER` VALUES ('f11dc3e4914711ea83960242ac120005', 'f10339f4914711ea83960242ac120005', '1226046389847379969', 0, 0, NULL, NULL, NULL, NULL, '0', NULL, NULL);
INSERT INTO `TOOL_MESSAGE_USER` VALUES ('f120aa75914711ea83960242ac120005', 'f10339f4914711ea83960242ac120005', '1226046389855768578', 0, 1, NULL, NULL, NULL, NULL, '0', NULL, NULL);
INSERT INTO `TOOL_MESSAGE_USER` VALUES ('f124f8a3914711ea83960242ac120005', 'f10339f4914711ea83960242ac120005', '1226525357927071746', 0, 0, NULL, NULL, NULL, NULL, '0', NULL, NULL);
INSERT INTO `TOOL_MESSAGE_USER` VALUES ('f12ae337914711ea83960242ac120005', 'f10339f4914711ea83960242ac120005', '1226525357973209090', 0, 0, NULL, NULL, NULL, NULL, '0', NULL, NULL);
INSERT INTO `TOOL_MESSAGE_USER` VALUES ('f12f5304914711ea83960242ac120005', 'f10339f4914711ea83960242ac120005', '1226527893153153026', 0, 0, NULL, NULL, NULL, NULL, '0', NULL, NULL);
INSERT INTO `TOOL_MESSAGE_USER` VALUES ('f1356b54914711ea83960242ac120005', 'f10339f4914711ea83960242ac120005', '1226527893169930241', 0, 0, NULL, NULL, NULL, NULL, '0', NULL, NULL);
INSERT INTO `TOOL_MESSAGE_USER` VALUES ('f1384d20914711ea83960242ac120005', 'f10339f4914711ea83960242ac120005', '1256158916379676673', 0, 1, NULL, NULL, NULL, NULL, '0', NULL, NULL);
INSERT INTO `TOOL_MESSAGE_USER` VALUES ('f13b0fda914711ea83960242ac120005', 'f10339f4914711ea83960242ac120005', '1256968282137714690', 0, 0, NULL, NULL, NULL, NULL, '0', NULL, NULL);
INSERT INTO `TOOL_MESSAGE_USER` VALUES ('f1404071914711ea83960242ac120005', 'f10339f4914711ea83960242ac120005', '1256968282209017858', 0, 0, NULL, NULL, NULL, NULL, '0', NULL, NULL);
INSERT INTO `TOOL_MESSAGE_USER` VALUES ('f144fa9a914711ea83960242ac120005', 'f10339f4914711ea83960242ac120005', '1256968282225795073', 0, 0, NULL, NULL, NULL, NULL, '0', NULL, NULL);
INSERT INTO `TOOL_MESSAGE_USER` VALUES ('f1491cb2914711ea83960242ac120005', 'f10339f4914711ea83960242ac120005', '1258236309533626370', 0, 0, NULL, NULL, NULL, NULL, '0', NULL, NULL);
INSERT INTO `TOOL_MESSAGE_USER` VALUES ('f14dfe0e914711ea83960242ac120005', 'f10339f4914711ea83960242ac120005', '1258377256380665858', 0, 1, NULL, NULL, NULL, NULL, '0', NULL, NULL);
INSERT INTO `TOOL_MESSAGE_USER` VALUES ('f1541b22914711ea83960242ac120005', 'f10339f4914711ea83960242ac120005', '1258635348406177794', 0, 0, NULL, NULL, NULL, NULL, '0', NULL, NULL);
INSERT INTO `TOOL_MESSAGE_USER` VALUES ('f1577229914711ea83960242ac120005', 'f10339f4914711ea83960242ac120005', '1258640051105959938', 0, 0, NULL, NULL, NULL, NULL, '0', NULL, NULL);
INSERT INTO `TOOL_MESSAGE_USER` VALUES ('f15acf94914711ea83960242ac120005', 'f10339f4914711ea83960242ac120005', '1258648781084168194', 0, 0, NULL, NULL, NULL, NULL, '0', NULL, NULL);
INSERT INTO `TOOL_MESSAGE_USER` VALUES ('f15ea13e914711ea83960242ac120005', 'f10339f4914711ea83960242ac120005', '1258648781159665665', 0, 0, NULL, NULL, NULL, NULL, '0', NULL, NULL);
INSERT INTO `TOOL_MESSAGE_USER` VALUES ('f162be2a914711ea83960242ac120005', 'f10339f4914711ea83960242ac120005', '1258648781159665666', 0, 0, NULL, NULL, NULL, NULL, '0', NULL, NULL);
INSERT INTO `TOOL_MESSAGE_USER` VALUES ('fb6564f8919311ea83960242ac120005', 'fb6058b3919311ea83960242ac120005', '10', 0, 1, NULL, NULL, NULL, NULL, '0', NULL, NULL);
INSERT INTO `TOOL_MESSAGE_USER` VALUES ('fb6681ab919311ea83960242ac120005', 'fb6058b3919311ea83960242ac120005', '11', 0, 0, NULL, NULL, NULL, NULL, '0', NULL, NULL);
COMMIT;

-- ----------------------------
-- Table structure for competition
-- ----------------------------
DROP TABLE IF EXISTS `competition`;
CREATE TABLE `competition` (
  `id` int(11) NOT NULL AUTO_INCREMENT,
  `audit_status` varchar(255) DEFAULT NULL COMMENT '审核状态',
  `name` varchar(255) DEFAULT NULL COMMENT '大赛名称',
  `desc` text COMMENT '大赛详情',
  `sign_up_link` varchar(255) DEFAULT NULL COMMENT '报名链接',
  PRIMARY KEY (`id`)
) ENGINE=InnoDB AUTO_INCREMENT=134 DEFAULT CHARSET=utf8;

-- ----------------------------
-- Records of competition
-- ----------------------------
BEGIN;
INSERT INTO `competition` VALUES (124, '1', '首届自治区青少年创意编程与智能设计大赛', '{“申报时间”：“2019年06月05日—2019年07月19日”,\"主办单位\"：\"四川省青少年科技中心、四川省青少年科技教育协会\"}', 'https://steam.nosdn.127.net/5d3e62be-b820-46cf-8123-eca');
INSERT INTO `competition` VALUES (125, '1', '首届自治区青少年创意编程与智能设计大赛', '{\"申报时间：2019年06月21日—2019年07月25日\",\"主办单位\"：\"新疆科学技术协会\"}', 'https://steam.nosdn.127.net/5d3e62be-b820-46cf-8123-eca');
INSERT INTO `competition` VALUES (133, '1', '首届自治区青少年创意编程与智能设计大赛02', NULL, 'https://kada.163.com/contest/65201900.htm');
COMMIT;

-- ----------------------------
-- Table structure for curriculum
-- ----------------------------
DROP TABLE IF EXISTS `curriculum`;
CREATE TABLE `curriculum` (
  `id` varchar(32) NOT NULL,
  `name` varchar(255) DEFAULT NULL COMMENT '课程名',
  `img` varchar(255) DEFAULT NULL COMMENT '课程图片',
  `type` varchar(255) DEFAULT NULL COMMENT '课程类型',
  `hits` int(11) unsigned zerofill DEFAULT NULL COMMENT '点击数',
  `likenum` int(11) DEFAULT NULL COMMENT '点赞数',
  `create_time` datetime DEFAULT NULL,
  PRIMARY KEY (`id`)
) ENGINE=InnoDB DEFAULT CHARSET=utf8;

-- ----------------------------
-- Records of curriculum
-- ----------------------------
BEGIN;
INSERT INTO `curriculum` VALUES ('1259146038832758786', 'Scratch趣味创意编程', 'https://binguo666.oss-cn-beijing.aliyuncs.com/curriculum/83896614-34e8-415e-ad5e-f14145be8007.jpg', 'Scratch', 00000000100, 200, '2020-05-09 23:39:44');
COMMIT;

-- ----------------------------
-- Table structure for curriculum_item
-- ----------------------------
DROP TABLE IF EXISTS `curriculum_item`;
CREATE TABLE `curriculum_item` (
  `id` varchar(255) NOT NULL COMMENT '子课程Id',
  `curriculum_id` varchar(255) DEFAULT NULL COMMENT '课程Id',
  `name` varchar(255) DEFAULT NULL,
  `desc` text,
  `vedio` varchar(255) DEFAULT NULL COMMENT '课程视频',
  `ppt` varchar(255) DEFAULT NULL COMMENT 'ppt资源',
  `create_time` datetime DEFAULT NULL,
  PRIMARY KEY (`id`),
  KEY `curriculum` (`curriculum_id`),
  CONSTRAINT `curriculum` FOREIGN KEY (`curriculum_id`) REFERENCES `curriculum` (`id`)
) ENGINE=InnoDB DEFAULT CHARSET=utf8;

-- ----------------------------
-- Records of curriculum_item
-- ----------------------------
BEGIN;
INSERT INTO `curriculum_item` VALUES ('1259154761332490242', '1259146038832758786', '第1课《故事大王》', NULL, 'https://binguo666.oss-cn-beijing.aliyuncs.com/video/GK-02fv51cdV2.3.0_%E9%87%8D%E5%A4%8D%E6%89%A7%E8%A1%8C.mp4', NULL, '2020-05-10 00:14:24');
INSERT INTO `curriculum_item` VALUES ('1259155996710207490', '1259146038832758786', '第2课《我是小主播》', NULL, 'https://binguo666.oss-cn-beijing.aliyuncs.com/video/GK-02fv51cdV2.3.0_%E9%87%8D%E5%A4%8D%E6%89%A7%E8%A1%8C.mp4', NULL, '2020-05-10 00:19:18');
INSERT INTO `curriculum_item` VALUES ('1259156076238405634', '1259146038832758786', '第3课《遥控飞机》', NULL, 'https://binguo666.oss-cn-beijing.aliyuncs.com/video/GK-02fv51cdV2.3.0_%E9%87%8D%E5%A4%8D%E6%89%A7%E8%A1%8C.mp4', NULL, '2020-05-10 00:19:37');
INSERT INTO `curriculum_item` VALUES ('1259156195704766465', '1259146038832758786', '第4课《小瓢虫走迷宫》', NULL, 'https://binguo666.oss-cn-beijing.aliyuncs.com/video/GK-02fv51cdV2.3.0_%E9%87%8D%E5%A4%8D%E6%89%A7%E8%A1%8C.mp4', NULL, '2020-05-10 00:20:06');
INSERT INTO `curriculum_item` VALUES ('1259156386386214914', '1259146038832758786', '第5课《打扮你的角色》', NULL, 'https://binguo666.oss-cn-beijing.aliyuncs.com/video/GK-02fv51cdV2.3.0_%E9%87%8D%E5%A4%8D%E6%89%A7%E8%A1%8C.mp4', NULL, '2020-05-10 00:20:51');
INSERT INTO `curriculum_item` VALUES ('1259156464102473730', '1259146038832758786', '第6课《逗逗你的宠物》', NULL, 'https://binguo666.oss-cn-beijing.aliyuncs.com/video/GK-02fv51cdV2.3.0_%E9%87%8D%E5%A4%8D%E6%89%A7%E8%A1%8C.mp4', NULL, '2020-05-10 00:21:10');
INSERT INTO `curriculum_item` VALUES ('1259156814691762177', '1259146038832758786', '第7课《森林运动会》', NULL, 'https://binguo666.oss-cn-beijing.aliyuncs.com/video/GK-02fv51cdV2.3.0_%E9%87%8D%E5%A4%8D%E6%89%A7%E8%A1%8C.mp4', NULL, '2020-05-10 00:22:33');
INSERT INTO `curriculum_item` VALUES ('1259157206976626689', '1259146038832758786', '第8课《自我介绍》', NULL, 'https://binguo666.oss-cn-beijing.aliyuncs.com/video/GK-02fv51cdV2.3.0_%E9%87%8D%E5%A4%8D%E6%89%A7%E8%A1%8C.mp4', NULL, '2020-05-10 00:24:07');
INSERT INTO `curriculum_item` VALUES ('1259161995093372929', '1259146038832758786', '第9课《恐龙派对》', NULL, 'https://binguo666.oss-cn-beijing.aliyuncs.com/video/GK-02fv51cdV2.3.0_%E9%87%8D%E5%A4%8D%E6%89%A7%E8%A1%8C.mp4', NULL, '2020-05-10 00:43:08');
COMMIT;

-- ----------------------------
-- Table structure for local_cancel_log
-- ----------------------------
DROP TABLE IF EXISTS `local_cancel_log`;
CREATE TABLE `local_cancel_log` (
  `tx_no` varchar(64) NOT NULL COMMENT '事务id',
  `create_time` datetime DEFAULT NULL,
  PRIMARY KEY (`tx_no`)
) ENGINE=InnoDB DEFAULT CHARSET=utf8;

-- ----------------------------
-- Table structure for local_confirm_log
-- ----------------------------
DROP TABLE IF EXISTS `local_confirm_log`;
CREATE TABLE `local_confirm_log` (
  `tx_no` varchar(64) NOT NULL COMMENT '事务id',
  `create_time` datetime DEFAULT NULL,
  PRIMARY KEY (`tx_no`)
) ENGINE=InnoDB DEFAULT CHARSET=utf8;

-- ----------------------------
-- Table structure for local_try_log
-- ----------------------------
DROP TABLE IF EXISTS `local_try_log`;
CREATE TABLE `local_try_log` (
  `tx_no` varchar(64) NOT NULL COMMENT '事务id',
  `create_time` datetime DEFAULT NULL,
  PRIMARY KEY (`tx_no`)
) ENGINE=InnoDB DEFAULT CHARSET=utf8;

-- ----------------------------
-- Records of local_try_log
-- ----------------------------
BEGIN;
INSERT INTO `local_try_log` VALUES ('1242852061401149440', '2020-03-25 16:33:18');
INSERT INTO `local_try_log` VALUES ('1242855242573307904', '2020-03-25 16:46:03');
COMMIT;

-- ----------------------------
-- Table structure for oauth_client_details
-- ----------------------------
DROP TABLE IF EXISTS `oauth_client_details`;
CREATE TABLE `oauth_client_details` (
  `CLIENT_ID` varchar(128) COLLATE utf8_bin NOT NULL COMMENT '客户端id',
  `RESOURCE_IDS` varchar(255) COLLATE utf8_bin DEFAULT NULL COMMENT '资源id集合',
  `CLIENT_SECRET` varchar(255) COLLATE utf8_bin DEFAULT NULL COMMENT '客户端密码',
  `SCOPE` varchar(255) COLLATE utf8_bin DEFAULT NULL COMMENT '客户端权限',
  `AUTHORIZED_GRANT_TYPES` varchar(255) COLLATE utf8_bin DEFAULT NULL COMMENT '客户端授权模式',
  `WEB_SERVER_REDIRECT_URI` varchar(255) COLLATE utf8_bin DEFAULT NULL COMMENT '客户端重定向uri',
  `AUTHORITIES` varchar(255) COLLATE utf8_bin DEFAULT NULL COMMENT '用户的权限范围',
  `ACCESS_TOKEN_VALIDITY` int(11) DEFAULT NULL COMMENT 'access_token的有效时间(秒)',
  `REFRESH_TOKEN_VALIDITY` int(11) DEFAULT NULL COMMENT 'refresh_token有效期(秒)',
  `ADDITIONAL_INFORMATION` varchar(255) COLLATE utf8_bin DEFAULT NULL COMMENT '补充信息(json)',
  `AUTOAPPROVE` varchar(255) COLLATE utf8_bin DEFAULT NULL COMMENT '是否自动approval操作',
  PRIMARY KEY (`CLIENT_ID`)
) ENGINE=InnoDB DEFAULT CHARSET=utf8 COLLATE=utf8_bin COMMENT='Oauth客户端信息';

-- ----------------------------
-- Records of oauth_client_details
-- ----------------------------
BEGIN;
INSERT INTO `oauth_client_details` VALUES ('chipro', '', '$2a$10$RwmYWQFTmLIfAVAtmZcjZuKMMX6pTBwVeuFugLexKUYMwWbd8V4zi', 'read,write', 'password,refresh_token,authorization_code,sms_code,email_code', 'https://www.baidu.com', NULL, NULL, NULL, NULL, NULL);
COMMIT;

-- ----------------------------
-- Table structure for question
-- ----------------------------
DROP TABLE IF EXISTS `question`;
CREATE TABLE `question` (
  `id` varchar(32) NOT NULL,
  `classify` varchar(255) DEFAULT NULL COMMENT '专项分类',
  `type` varchar(32) DEFAULT NULL COMMENT '题目类型',
  `content` text COMMENT '问题',
  `answer` varchar(255) DEFAULT NULL COMMENT '题目答案',
  `pub_type` int(11) DEFAULT NULL COMMENT '发布类型（默认0）：0-注册用户使用，1-非注册用户使用',
  PRIMARY KEY (`id`)
) ENGINE=InnoDB DEFAULT CHARSET=utf8;

-- ----------------------------
-- Records of question
-- ----------------------------
BEGIN;
INSERT INTO `question` VALUES ('1258807517455060993', '默认', '选择题', 'Scratch 是一款（   ），它与所有的编程语言一样，可以用来编应用程序。 &程序设计软件&画图软件&游戏软件&音乐软件', 'A', 0);
INSERT INTO `question` VALUES ('1258808699753861121', '默认', '选择题', 'Scratch的工作界面主要由标题栏、菜单栏、指令控件区、角色列表区、（    ）及等几部分组成。&脚本区、舞台&编辑区、控制区&放大、缩小&删除', 'A', 0);
INSERT INTO `question` VALUES ('1258809253997580289', '默认', '选择题', 'Scratch 编辑区中按钮的作用是（ ）。&撤消&旋转&放大、缩小&重复执行', 'B', 0);
INSERT INTO `question` VALUES ('1258809563474300930', '默认', '选择题', '开始运行Scratch程序，应采用下列哪一条指令？\n&当红旗被点击时&当绿旗被点击时& 当黄旗被点击时& 当蓝旗被点击时', 'B', 0);
INSERT INTO `question` VALUES ('1258809989544284161', '默认', '选择题', 'Scratch的文件在保存时，一般建议扩展名为下列哪一项？\n& TXT & EXE&HTML &SB2', 'D', 0);
INSERT INTO `question` VALUES ('1258810184302596098', '默认', '选择题', '下列哪一种方式不是Scratch角色造型的设计方式？\n&对着麦克风录入声音 &从角色库中选取角色&在造型区绘制新角色&从本地文件中上传角色', 'A', 0);
INSERT INTO `question` VALUES ('1258810345045102593', '默认', '选择题', '要使Scratch中的角色切换造型，可选用下列哪一条指令？&将角色的大小增加10 & 当作为克隆体启动时&碰到边缘就反弹 &下一个造型', 'D', 0);
INSERT INTO `question` VALUES ('1258810519855304705', '默认', '选择题', 'Scratch中角色的旋转模式有几种？\n&1种&2种& 3种&4种', 'C', 0);
INSERT INTO `question` VALUES ('1258810697656045570', '默认', '选择题', 'Scratch中的背景设计中，没有下列哪种类别的命令？\n&运动& 外观&声音 &画笔', 'B', 0);
INSERT INTO `question` VALUES ('1258820281133174786', '默认', '选择题', '列哪个语句在Python中是非法的？ （ ）&x = y = z = 1&x = (y = z + 1)&x, y = y, x &x += y', 'A', 0);
INSERT INTO `question` VALUES ('1258820493566283777', '默认', '选择题', '关于Python内存管理，下列说法错误的是 （ ）&变量不必事先声明&变量无须先创建和赋值而直接使用&变量无须指定类型 &可以使用del释放资源', 'D', 0);
INSERT INTO `question` VALUES ('1258820819702779905', '默认', '选择题', '下列表达式的值为True的是 （）&(2**=3)<(2*=3)& 3=\"\"  2>2 &1==1 and 2!=1 &not(1==1 and 0!=1)', 'D', 0);
INSERT INTO `question` VALUES ('1258820971360423938', '默认', '选择题', 'Python不支持的数据类型有 （ ）&char &int&float &List', 'D', 0);
INSERT INTO `question` VALUES ('1259299265453232130', '默认', '选择题', '德玛西亚&232&23232&219&121', 'A', 0);
INSERT INTO `question` VALUES ('1259299488128831490', '默认', '选择题', 'SDSDS&2&SDAS&2131&ASDS', 'A', 0);
INSERT INTO `question` VALUES ('1259301578452504578', '默认', '选择题', 'XXXXXX&11&22&55&22', 'B', 0);
COMMIT;

-- ----------------------------
-- Table structure for test
-- ----------------------------
DROP TABLE IF EXISTS `test`;
CREATE TABLE `test` (
  `id` varchar(32) NOT NULL,
  `name` varchar(255) DEFAULT NULL COMMENT '测验名称',
  `explain` text COMMENT '测验说明(选填)',
  `deadline` int(11) DEFAULT NULL COMMENT '截止时间',
  `submit_num` int(11) DEFAULT NULL COMMENT '提交次数(0:无次数限制，大于0表示次数限制)',
  `results_reveal_status` int(11) DEFAULT NULL COMMENT '1:批改后立即公布成绩 2:提交截止后公布成绩 3:手动公布成绩',
  `results_answer` varchar(255) DEFAULT NULL COMMENT '是否公布答案、解析、批改评语(1:是，0:否)',
  `create_time` datetime DEFAULT NULL COMMENT '创建时间',
  PRIMARY KEY (`id`)
) ENGINE=InnoDB DEFAULT CHARSET=utf8;

-- ----------------------------
-- Records of test
-- ----------------------------
BEGIN;
INSERT INTO `test` VALUES ('1258807293454061570', 'scratch-L1', '主要考察scratch的基本语法', NULL, NULL, NULL, NULL, '2020-05-08 17:13:41');
INSERT INTO `test` VALUES ('1258807516909801474', 'scratch-L2', '主要考察scratch-l2的基本语法', NULL, NULL, NULL, NULL, '2020-05-08 17:14:34');
INSERT INTO `test` VALUES ('1258818489385226242', 'scratch-L3', '考察进阶的sc掌握情况\n', NULL, NULL, NULL, NULL, '2020-05-08 17:58:10');
INSERT INTO `test` VALUES ('1258819910008573954', 'python-L1', '考察Pyhton第一阶段的基础语法', NULL, NULL, NULL, NULL, '2020-05-08 18:03:49');
INSERT INTO `test` VALUES ('1258819944078905346', 'python-L2', '考察Pyhton第二阶段的基础语法', NULL, NULL, NULL, NULL, '2020-05-08 18:03:57');
INSERT INTO `test` VALUES ('1258819987506728961', 'python-L3', '考察Pyhton第三阶段的基础语法', NULL, NULL, NULL, NULL, '2020-05-08 18:04:07');
INSERT INTO `test` VALUES ('1258820104016105474', 'MTA', '美国微软公司认证编程考试', NULL, NULL, NULL, NULL, '2020-05-08 18:04:35');
INSERT INTO `test` VALUES ('1259174558074028033', '智能组题试卷', NULL, NULL, 1, 1, '1', '2020-05-10 01:33:04');
INSERT INTO `test` VALUES ('1259295778647998466', '智能组题试卷', NULL, NULL, 1, 1, '1', '2020-05-10 09:34:45');
INSERT INTO `test` VALUES ('1259301653383745538', 'test', 'test', NULL, NULL, NULL, NULL, '2020-05-10 01:58:06');
INSERT INTO `test` VALUES ('1259301723407650818', 'test', NULL, NULL, NULL, NULL, NULL, '2020-05-10 01:58:22');
COMMIT;

-- ----------------------------
-- Table structure for test_question
-- ----------------------------
DROP TABLE IF EXISTS `test_question`;
CREATE TABLE `test_question` (
  `id` varchar(32) COLLATE utf8_bin NOT NULL,
  `question_id` varchar(32) COLLATE utf8_bin NOT NULL,
  `test_id` varchar(32) COLLATE utf8_bin NOT NULL,
  PRIMARY KEY (`id`)
) ENGINE=InnoDB DEFAULT CHARSET=utf8 COLLATE=utf8_bin;

-- ----------------------------
-- Records of test_question
-- ----------------------------
BEGIN;
INSERT INTO `test_question` VALUES ('1258816918836482050', '1258809253997580289', '1258807293454061570');
INSERT INTO `test_question` VALUES ('1258816952403496962', '1258810184302596098', '1258807293454061570');
INSERT INTO `test_question` VALUES ('1258816971051372545', '1258810697656045570', '1258807293454061570');
INSERT INTO `test_question` VALUES ('1258817300979519490', '1258809989544284161', '1258807293454061570');
INSERT INTO `test_question` VALUES ('1258817317630906369', '1258810184302596098', '1258807293454061570');
INSERT INTO `test_question` VALUES ('1258817479673647106', '1258810345045102593', '1258807516909801474');
INSERT INTO `test_question` VALUES ('1258817498170527745', '1258810519855304705', '1258807516909801474');
INSERT INTO `test_question` VALUES ('1258817515874684929', '1258810697656045570', '1258807516909801474');
INSERT INTO `test_question` VALUES ('1258819070552182786', '1258809563474300930', '1258818489385226242');
INSERT INTO `test_question` VALUES ('1258819089426550786', '1258810184302596098', '1258818489385226242');
INSERT INTO `test_question` VALUES ('1258821057284935682', '1258820971360423938', '1258819910008573954');
INSERT INTO `test_question` VALUES ('1258821085579710465', '1258820819702779905', '1258819910008573954');
INSERT INTO `test_question` VALUES ('1258821104059813889', '1258820493566283777', '1258819910008573954');
INSERT INTO `test_question` VALUES ('1258821135504510978', '1258820971360423938', '1258819910008573954');
INSERT INTO `test_question` VALUES ('1258821214797828098', '1258820971360423938', '1258819910008573954');
INSERT INTO `test_question` VALUES ('1258821493559660545', '1258820971360423938', '1258819944078905346');
INSERT INTO `test_question` VALUES ('1258821510315905025', '1258820819702779905', '1258819944078905346');
INSERT INTO `test_question` VALUES ('1258821531866238977', '1258810697656045570', '1258819944078905346');
INSERT INTO `test_question` VALUES ('1258821533023866882', '1258810697656045570', '1258819944078905346');
INSERT INTO `test_question` VALUES ('1258821617602007042', '1258820971360423938', '1258819987506728961');
INSERT INTO `test_question` VALUES ('1258821637755637761', '1258820493566283777', '1258819987506728961');
INSERT INTO `test_question` VALUES ('1258821659909951489', '1258820819702779905', '1258819987506728961');
INSERT INTO `test_question` VALUES ('1258821671633031170', '1258820819702779905', '1258819987506728961');
INSERT INTO `test_question` VALUES ('1259174559445565442', '1258810345045102593', '1259174558074028033');
INSERT INTO `test_question` VALUES ('1259174559764332545', '1258810697656045570', '1259174558074028033');
INSERT INTO `test_question` VALUES ('1259174560057933826', '1258820971360423938', '1259174558074028033');
INSERT INTO `test_question` VALUES ('1259174560355729409', '1258808699753861121', '1259174558074028033');
INSERT INTO `test_question` VALUES ('1259174560687079425', '1258820493566283777', '1259174558074028033');
INSERT INTO `test_question` VALUES ('1259174561005846529', '1258809989544284161', '1259174558074028033');
INSERT INTO `test_question` VALUES ('1259174561299447810', '1258809253997580289', '1259174558074028033');
INSERT INTO `test_question` VALUES ('1259174561626603522', '1258810519855304705', '1259174558074028033');
INSERT INTO `test_question` VALUES ('1259174561928593410', '1258809563474300930', '1259174558074028033');
INSERT INTO `test_question` VALUES ('1259174562247360513', '1258810184302596098', '1259174558074028033');
INSERT INTO `test_question` VALUES ('1259295779335864321', '1258809253997580289', '1259295778647998466');
INSERT INTO `test_question` VALUES ('1259295779688185857', '1258808699753861121', '1259295778647998466');
INSERT INTO `test_question` VALUES ('1259295780011147265', '1258809989544284161', '1259295778647998466');
INSERT INTO `test_question` VALUES ('1259295780334108673', '1258810345045102593', '1259295778647998466');
INSERT INTO `test_question` VALUES ('1259295780661264385', '1258809563474300930', '1259295778647998466');
INSERT INTO `test_question` VALUES ('1259295780829036545', '1258807517455060993', '1259295778647998466');
INSERT INTO `test_question` VALUES ('1259295781298798594', '1258820971360423938', '1259295778647998466');
INSERT INTO `test_question` VALUES ('1259295781630148610', '1258810697656045570', '1259295778647998466');
INSERT INTO `test_question` VALUES ('1259295781978275842', '1258820493566283777', '1259295778647998466');
INSERT INTO `test_question` VALUES ('1259295782305431553', '1258820819702779905', '1259295778647998466');
INSERT INTO `test_question` VALUES ('1259299488380489729', '1259299488128831490', '1258820104016105474');
INSERT INTO `test_question` VALUES ('1259299581527592961', '1258809563474300930', '1258820104016105474');
INSERT INTO `test_question` VALUES ('1259301724204568578', '1258809253997580289', '1259301723407650818');
COMMIT;

-- ----------------------------
-- Table structure for undo_log
-- ----------------------------
DROP TABLE IF EXISTS `undo_log`;
CREATE TABLE `undo_log` (
  `id` bigint(20) NOT NULL AUTO_INCREMENT,
  `branch_id` bigint(20) NOT NULL,
  `xid` varchar(100) NOT NULL,
  `context` varchar(128) NOT NULL,
  `rollback_info` longblob NOT NULL,
  `log_status` int(11) NOT NULL,
  `log_created` datetime NOT NULL,
  `log_modified` datetime NOT NULL,
  `ext` varchar(100) DEFAULT NULL,
  PRIMARY KEY (`id`),
  UNIQUE KEY `ux_undo_log` (`xid`,`branch_id`)
) ENGINE=InnoDB AUTO_INCREMENT=9 DEFAULT CHARSET=utf8 COMMENT='Seata操作日志表';

-- ----------------------------
-- Records of undo_log
-- ----------------------------
BEGIN;
INSERT INTO `undo_log` VALUES (8, 2038619251, '192.168.31.129:8888:2038619250', 'serializer=jackson', 0x7B7D, 1, '2020-03-23 06:41:42', '2020-03-23 06:41:42', NULL);
COMMIT;

SET FOREIGN_KEY_CHECKS = 1;
